city,pass_id,variant,n_cells,n_blocks,contributing_blocks,within_block_Sxx,within_block_variance,residualized_canopy_Sxx,maximum_block_information_share,top_five_block_information_share,effective_information_blocks,maximum_raw_block_information_share,design_rank,residual_degrees_of_freedom,removed_context_terms,bootstrap_requested,bootstrap_estimable,bootstrap_failed,resampling_groups,seed,maximum_slope_design_leverage,LST_K_SE_per_10pp,LST_K_bootstrap_width_95_per_10pp,LST_K_cluster_sandwich_SE_per_10pp,M_W_m2_SE_per_10pp,M_W_m2_bootstrap_width_95_per_10pp,M_W_m2_cluster_sandwich_SE_per_10pp,acquisition_utc,local_mean_solar_hour,view_zenith_p95_deg,collection,frozen_25_degree_precision_exception
phoenix,phoenix:27963,paired_primary,516781,3232,3220,372.5655681254536,0.0007209351120212499,327.79953487137414,0.001492101943770041,0.006541126695095013,2193.148192501915,0.0014163515682551464,7,513542,[],1000,1000,0,3232,20260919,0.07749840417591468,0.017323052633300695,0.06770945910599113,0.01745410846290883,0.11029323412241059,0.43506422232851794,0.11130105954770304,2023-06-11T23:39:53.676000+00:00,16.20064308888889,10.77701473236084,002,True
phoenix,phoenix:27963,registration_dx-1_dy0,515716,3224,3213,373.22624391115335,0.0007237049924981062,328.0679099702673,0.001509991712536257,0.006472497195556866,2197.8806992677,0.0014268877096034868,7,512485,[],1000,1000,0,3224,20260919,0.07781773981059087,0.016735372881067818,0.06810653846101755,0.01698244791505029,0.10611208631894334,0.421056135929609,0.10800187101398324,2023-06-11T23:39:53.676000+00:00,16.20064308888889,10.77701473236084,002,True
phoenix,phoenix:27963,registration_dx1_dy0,515805,3229,3216,375.409813724457,0.0007278134444692414,329.09157116907517,0.0014841235962376833,0.006691370835842026,2193.5127995675684,0.0014578142864354528,7,512569,[],1000,1000,0,3229,20260919,0.07703250678607211,0.017878721346544182,0.0708630245994849,0.017482107533167965,0.11215049026313673,0.4558185805079118,0.11096597416026333,2023-06-11T23:39:53.676000+00:00,16.20064308888889,10.77701473236084,002,True
phoenix,phoenix:27963,registration_dx0_dy-1,515604,3221,3210,373.9953781961052,0.000725353911521449,328.24128910864505,0.0014250575803263028,0.0063107340347683056,2195.333643286493,0.001318996090717988,7,512376,[],1000,1000,0,3221,20260919,0.07757094290938898,0.01718131194151496,0.06621941533341724,0.017268356693545407,0.11245230817834867,0.4329684262393583,0.11263656163809288,2023-06-11T23:39:53.676000+00:00,16.20064308888889,10.77701473236084,002,True
phoenix,phoenix:27963,registration_dx0_dy1,515699,3225,3216,375.8669449907126,0.000728849474190783,330.1100689605445,0.001522598105113292,0.0065026230847129276,2203.025394542923,0.00147269440976281,7,512467,[],1000,1000,0,3225,20260919,0.07957684040443709,0.01746535123479567,0.06853453666057452,0.017092229557066477,0.10864739246975719,0.4163709045722763,0.10810484591467753,2023-06-11T23:39:53.676000+00:00,16.20064308888889,10.77701473236084,002,True
phoenix,phoenix:27963,spatial_2km,516781,3232,3220,372.5655681254536,0.0007209351120212499,327.79953487137414,0.001492101943770041,0.006541126695095013,2193.148192501915,0.0014163515682551464,7,513542,[],1000,1000,0,882,20260919,0.0774984041759147,0.02196108511523132,0.08468916241898594,0.021469813618610997,0.13998703099661605,0.541218169115453,0.1380643741290444,2023-06-11T23:39:53.676000+00:00,16.20064308888889,10.77701473236084,002,True
phoenix,phoenix:28024,paired_primary,519066,3100,3084,391.73002206165864,0.0007546824913626757,338.5182516157169,0.0015279560919974995,0.006731444909613904,2099.0649469448763,0.0016294465374087717,7,515959,[],1000,1000,0,3100,20260919,0.08756833994531825,0.03295749178039762,0.1313084735572625,0.031716293145724654,0.24562222047570698,0.9695802985446402,0.24068375532746128,2023-06-15T22:00:38.485000+00:00,14.546476422222224,14.95167350769043,002,True
phoenix,phoenix:28024,registration_dx-1_dy0,518066,3094,3079,392.169742187423,0.0007569879941695132,338.7139683446235,0.001527413787801768,0.0068874565390353,2100.6011989129042,0.0016438059436270738,7,514965,[],1000,1000,0,3094,20260919,0.0882416802948134,0.03041428398364508,0.11594220040131065,0.03014540703770154,0.23206244086870062,0.8866398013194559,0.22794822908284273,2023-06-15T22:00:38.485000+00:00,14.546476422222224,14.95167350769043,002,True
phoenix,phoenix:28024,registration_dx1_dy0,518253,3099,3080,391.50492066870527,0.000755432039310347,338.1923777393947,0.0014949283027598185,0.0067173518121636435,2102.8695544523666,0.0016065889836415865,7,515147,[],1000,1000,0,3099,20260919,0.08704857396446057,0.03401722137912148,0.13248244573206325,0.03232492115095782,0.2557748645006528,1.0153044374343256,0.24513715784764592,2023-06-15T22:00:38.485000+00:00,14.546476422222224,14.95167350769043,002,True
phoenix,phoenix:28024,registration_dx0_dy-1,518015,3088,3075,392.30779938070486,0.0007573290336779917,338.37021281536255,0.001445788390153478,0.00659859124562775,2104.393371673404,0.0016239734987060711,7,514920,[],1000,1000,0,3088,20260919,0.08766920368902979,0.031714398773100776,0.12577900880601622,0.031268973168560296,0.24057733485778107,0.9230749190680907,0.23353170158784864,2023-06-15T22:00:38.485000+00:00,14.546476422222224,14.95167350769043,002,True
phoenix,phoenix:28024,registration_dx0_dy1,518106,3093,3080,391.9584333639254,0.0007565217028251466,339.05187117196726,0.0016018921360471089,0.006814684812696301,2099.454798360331,0.001622661700370832,7,515006,[],1000,999,1,3093,20260919,0.08817412022007182,0.031519983406484126,0.12314059382813158,0.031421129284497154,0.24289959209419157,0.9468691355589591,0.24146010174067728,2023-06-15T22:00:38.485000+00:00,14.546476422222224,14.95167350769043,002,True
phoenix,phoenix:28024,spatial_2km,519066,3100,3084,391.73002206165864,0.0007546824913626757,338.5182516157169,0.0015279560919974995,0.006731444909613904,2099.0649469448763,0.0016294465374087717,7,515959,[],1000,1000,0,854,20260919,0.08756833994531829,0.039235453570343894,0.15203231115347138,0.03938477048008656,0.30116223672478204,1.1851003417385364,0.3002788437133125,2023-06-15T22:00:38.485000+00:00,14.546476422222224,14.95167350769043,002,True
phoenix,phoenix:28706,paired_primary,556672,3246,3235,427.21563581488874,0.00076744588521587,368.5434725557295,0.001404186070454534,0.006190880125145156,2237.477390745374,0.001494100577170837,7,553419,[],1000,1000,0,3246,20260919,0.0772907830303458,0.03205498621667923,0.1245145042419411,0.032768165748967175,0.26153224456550184,1.0136729204747592,0.26744800225881143,2023-07-29T20:53:55.753000+00:00,13.43453197777778,10.859678268432615,002,True
phoenix,phoenix:28706,registration_dx-1_dy0,555565,3238,3228,427.02559047937115,0.0007686329961019343,368.3107318542269,0.0014052518085489513,0.006331371193926322,2236.683980028892,0.001509630728206967,7,552320,[],1000,1000,0,3238,20260919,0.07781575529138629,0.03160072425442028,0.1268709801273178,0.03168733532776254,0.25927501633471817,1.0359824447151968,0.2563527764146902,2023-07-29T20:53:55.753000+00:00,13.43453197777778,10.859678268432615,002,True
phoenix,phoenix:28706,registration_dx1_dy0,555696,3244,3231,427.3747606624295,0.0007690801457315321,368.3882502197376,0.0013697944775843507,0.006216979212180904,2241.395452863942,0.0014717469314586725,7,552445,[],1000,1000,0,3244,20260919,0.07682763057203526,0.03341996635748592,0.1377732620583212,0.03260396127396887,0.2695027094518405,1.0875626192305017,0.2681744657033642,2023-07-29T20:53:55.753000+00:00,13.43453197777778,10.859678268432615,002,True
phoenix,phoenix:28706,registration_dx0_dy-1,555476,3235,3225,427.4949049237332,0.0007696010357310365,368.1645149507299,0.0013286488093649988,0.006058972711188813,2243.699746739132,0.0014903042403362058,7,552234,[],1000,1000,0,3235,20260919,0.07736260546391613,0.0313880414919312,0.12240175275157772,0.03139343220951365,0.25943464104556874,0.9853816782208824,0.25847334188054844,2023-07-29T20:53:55.753000+00:00,13.43453197777778,10.859678268432615,002,True
phoenix,phoenix:28706,registration_dx0_dy1,555641,3239,3231,427.2361426559543,0.0007689067989150447,369.0685779304789,0.001472218200263215,0.00629529403766019,2237.824613332752,0.001488675405603891,7,552395,[],1000,1000,0,3239,20260919,0.07914224812703749,0.032743923863536986,0.13115814391811864,0.03256448967701523,0.26670045307049695,1.0680586912040013,0.2670472461926709,2023-07-29T20:53:55.753000+00:00,13.43453197777778,10.859678268432615,002,True
phoenix,phoenix:28706,spatial_2km,556672,3246,3235,427.21563581488874,0.00076744588521587,368.5434725557295,0.001404186070454534,0.006190880125145156,2237.477390745374,0.001494100577170837,7,553419,[],1000,1000,0,882,20260919,0.0772907830303458,0.043534429295251066,0.16896889065060594,0.0423615248834449,0.35412622346866107,1.386083386189144,0.3467087881693402,2023-07-29T20:53:55.753000+00:00,13.43453197777778,10.859678268432615,002,True
phoenix,phoenix:28828,paired_primary,556673,3246,3235,427.21566612845646,0.0007674445610411435,368.54454706004594,0.0014041829347902109,0.006190871743563658,2237.4831079627306,0.0014941004711552515,7,553420,[],1000,1000,0,3246,20260919,0.07729078307521872,0.0292010254488381,0.11559168005945808,0.03027479272721923,0.21814851127069285,0.8313457050401531,0.2218841983688539,2023-08-06T17:40:07.586000+00:00,10.20453197777778,19.06538200378418,002,True
phoenix,phoenix:28828,registration_dx-1_dy0,555566,3238,3228,427.02561781281764,0.0007686316617878301,368.3122101483032,0.0014052478531989569,0.0063313607236680485,2236.6926421519865,0.001509630631577142,7,552321,[],1000,1000,0,3238,20260919,0.07781575531922136,0.029334424131460965,0.11459012795335899,0.029875284544086413,0.2163085034559443,0.8487581876293948,0.21567961969103655,2023-08-06T17:40:07.586000+00:00,10.20453197777778,19.06538200378418,002,True
phoenix,phoenix:28828,registration_dx1_dy0,555697,3244,3231,427.374778852982,0.0007690787944742944,368.3890110476791,0.0013697934919411827,0.006216975599286058,2241.3991082440443,0.00147174686881602,7,552446,[],1000,1000,0,3244,20260919,0.07682763056884255,0.029919063212887023,0.11995309333913418,0.029319867324620538,0.21863159431836146,0.8541120965783531,0.21998317409437199,2023-08-06T17:40:07.586000+00:00,10.20453197777778,19.06538200378418,002,True
phoenix,phoenix:28828,registration_dx0_dy-1,555477,3235,3225,427.4960785699176,0.0007696017631151561,368.16632212029896,0.0013286427317527561,0.006058949644764411,2243.7163580711776,0.0014903001488603468,7,552235,[],1000,1000,0,3235,20260919,0.0773626054361675,0.029225655489296145,0.1143562218579377,0.03012731970484314,0.21485340720955634,0.831830038036296,0.2176980214530788,2023-08-06T17:40:07.586000+00:00,10.20453197777778,19.06538200378418,002,True
phoenix,phoenix:28828,registration_dx0_dy1,555642,3239,3231,427.23614924601185,0.0007689054269583866,369.0697982026985,0.001472214983494124,0.006295279665908557,2237.8328947413356,0.0014886753826412822,7,552396,[],1000,1000,0,3239,20260919,0.07914224811483174,0.02927295310328765,0.11260722092187092,0.029458597730667377,0.2186637556080154,0.8692400269167013,0.21885760977189764,2023-08-06T17:40:07.586000+00:00,10.20453197777778,19.06538200378418,002,True
phoenix,phoenix:28828,spatial_2km,556673,3246,3235,427.21566612845646,0.0007674445610411435,368.54454706004594,0.0014041829347902109,0.006190871743563658,2237.4831079627306,0.0014941004711552515,7,553420,[],1000,1000,0,882,20260919,0.07729078307521872,0.038301471803040076,0.15201957912663144,0.03788239982003126,0.2920364141226841,1.1458014353811752,0.2854552847596724,2023-08-06T17:40:07.586000+00:00,10.20453197777778,19.06538200378418,002,True
phoenix,phoenix:28909,paired_primary,409964,2764,2737,319.565538082363,0.0007794965852669088,278.36897458361886,0.0017240648434939283,0.007955526531594918,1749.6324344958307,0.0018859261222583747,7,407193,[],1000,1000,0,2764,20260919,0.07831741246405968,0.03215424950186827,0.1269198970672828,0.03308224653292951,0.2615542419487779,1.0807062889023076,0.2658028705221035,2023-08-11T23:22:47.462000+00:00,15.915643088888892,18.664325714111328,002,True
phoenix,phoenix:28909,registration_dx-1_dy0,409041,2755,2729,319.7120344657309,0.0007816136633387139,278.2951605392401,0.001661533617176918,0.007911418542539118,1752.71569874741,0.0018910341454707758,7,406279,[],1000,1000,0,2755,20260919,0.07885617793064686,0.031773367121461164,0.12128737614860163,0.0326365778605298,0.2530391063167261,0.99034727129796,0.2614052858490995,2023-08-11T23:22:47.462000+00:00,15.915643088888892,18.664325714111328,002,True
phoenix,phoenix:28909,registration_dx1_dy0,409187,2760,2734,319.5949832059024,0.0007810487215036216,278.20294393290885,0.0018106844809369755,0.007977239357893509,1748.755434305462,0.0018106313958667442,7,406420,[],1000,1000,0,2760,20260919,0.07703678357256288,0.0319936089895445,0.11962606651811225,0.03310106033922241,0.2621311811220383,0.9963992057706035,0.266930753394182,2023-08-11T23:22:47.462000+00:00,15.915643088888892,18.664325714111328,002,True
phoenix,phoenix:28909,registration_dx0_dy-1,409145,2755,2729,320.153208868978,0.0007824932697918294,278.14417031754357,0.0016835797185595104,0.007826683387902269,1753.0213902800253,0.0018831027312463753,7,406383,[],1000,1000,0,2755,20260919,0.07757318987326199,0.03342245433835737,0.13018829220446504,0.03308200192034754,0.2652090738618884,0.999817696761367,0.26690020791981045,2023-08-11T23:22:47.462000+00:00,15.915643088888892,18.664325714111328,002,True
phoenix,phoenix:28909,registration_dx0_dy1,409103,2758,2735,319.5515515430658,0.0007811029289520384,278.8491675185444,0.0017628625590449998,0.008020245650011297,1752.870832812227,0.0018680584145127034,7,406338,[],1000,1000,0,2758,20260919,0.07954509728526032,0.03396703888591208,0.13537594724079804,0.033168591465520265,0.26708151875753766,1.0538721133789588,0.26540457717616694,2023-08-11T23:22:47.462000+00:00,15.915643088888892,18.664325714111328,002,True
phoenix,phoenix:28909,spatial_2km,409964,2764,2737,319.565538082363,0.0007794965852669088,278.36897458361886,0.0017240648434939283,0.007955526531594918,1749.6324344958307,0.0018859261222583747,7,407193,[],1000,1000,0,796,20260919,0.07831741246405968,0.040606426744706624,0.1584355120032943,0.040168724262348465,0.31483955367712635,1.2233719029583687,0.3138922391475025,2023-08-11T23:22:47.462000+00:00,15.915643088888892,18.664325714111328,002,True
phoenix,phoenix:27963,common_cells,353656,2604,2574,256.88761391683465,0.0007263770837108225,228.4155194188016,0.002089991400537872,0.009077422494524593,1583.773842121576,0.0020003440193896143,7,351045,[],1000,999,1,2604,20260919,0.08783666320803535,0.02051578804594038,0.08144020845326627,0.0206077566806243,0.13218819799390163,0.5195162070645925,0.1303750216908318,2023-06-11T23:39:53.676000+00:00,16.20064308888889,10.77701473236084,002,True
phoenix,phoenix:28024,common_cells,353656,2604,2574,256.88761391683465,0.0007263770837108225,228.4155194188016,0.002089991400537872,0.009077422494524593,1583.773842121576,0.0020003440193896143,7,351045,[],1000,999,1,2604,20260919,0.08783666320803535,0.028183969043360957,0.11391939324475708,0.027945372354710854,0.21271818060662293,0.8682657838318875,0.21036181821126912,2023-06-15T22:00:38.485000+00:00,14.546476422222224,14.95167350769043,002,True
phoenix,phoenix:28706,common_cells,353656,2604,2574,256.88761391683465,0.0007263770837108225,228.4155194188016,0.002089991400537872,0.009077422494524593,1583.773842121576,0.0020003440193896143,7,351045,[],1000,999,1,2604,20260919,0.08783666320803535,0.02884056907398489,0.11680494106869888,0.028454762972198733,0.23720974040417409,0.9281246087716504,0.23368353591616797,2023-07-29T20:53:55.753000+00:00,13.43453197777778,10.859678268432615,002,True
phoenix,phoenix:28828,common_cells,353656,2604,2574,256.88761391683465,0.0007263770837108225,228.4155194188016,0.002089991400537872,0.009077422494524593,1583.773842121576,0.0020003440193896143,7,351045,[],1000,999,1,2604,20260919,0.08783666320803535,0.027754476560558416,0.11031010978983757,0.02712509426693098,0.2053657570338844,0.8247145104009022,0.19785045112516736,2023-08-06T17:40:07.586000+00:00,10.20453197777778,19.06538200378418,002,True
phoenix,phoenix:28909,common_cells,353656,2604,2574,256.88761391683465,0.0007263770837108225,228.4155194188016,0.002089991400537872,0.009077422494524593,1583.773842121576,0.0020003440193896143,7,351045,[],1000,999,1,2604,20260919,0.08783666320803535,0.0331740507035633,0.1310789402265915,0.03224860534426162,0.272258912980568,1.078848696945924,0.26542749025650636,2023-08-11T23:22:47.462000+00:00,15.915643088888892,18.664325714111328,002,True
