city,pass_id,variant,n_cells,n_blocks,contributing_blocks,within_block_Sxx,within_block_variance,residualized_canopy_Sxx,maximum_block_information_share,top_five_block_information_share,effective_information_blocks,maximum_raw_block_information_share,design_rank,residual_degrees_of_freedom,removed_context_terms,bootstrap_requested,bootstrap_estimable,bootstrap_failed,resampling_groups,seed,maximum_slope_design_leverage,LST_K_SE_per_10pp,LST_K_bootstrap_width_95_per_10pp,LST_K_cluster_sandwich_SE_per_10pp,M_W_m2_SE_per_10pp,M_W_m2_bootstrap_width_95_per_10pp,M_W_m2_cluster_sandwich_SE_per_10pp,acquisition_utc,apparent_local_solar_hour,view_zenith_p95_deg,collection,frozen_25_degree_precision_exception
phoenix,phoenix:28085,paired_primary,534786,3194,3183,407.7705511427964,0.0007624929432385972,352.39540381231643,0.0014697460086804464,0.006480326275388953,2156.6026482234724,0.001565348763559694,7,531585,[],1000,1000,0,3194,20260921,0.07729106903799457,0.037595810478597426,0.14734811455957586,0.038870973486533344,0.2900375072465574,1.1217360690125489,0.29722586263494294,2023-06-19T20:23:24.929000+00:00,12.909807684816125,22.339359283447266,002,True
phoenix,phoenix:28085,spatial_2km,534786,3194,3183,407.7705511427964,0.0007624929432385972,352.39540381231643,0.0014697460086804464,0.006480326275388953,2156.6026482234724,0.001565348763559694,7,531585,[],1000,1000,0,876,20260921,0.07729106903799458,0.04632012500247609,0.17961900908811823,0.04732288575480956,0.35868935989830436,1.3775127887990593,0.3608290083097741,2023-06-19T20:23:24.929000+00:00,12.909807684816125,22.339359283447266,002,True
phoenix,phoenix:28085,spatial_4km,534786,3194,3183,407.7705511427964,0.0007624929432385972,352.39540381231643,0.0014697460086804464,0.006480326275388953,2156.6026482234724,0.001565348763559694,7,531585,[],1000,1000,0,252,20260921,0.07729106903799458,0.0541401559194157,0.21954023407391698,0.05561034309669382,0.42037121835638386,1.6592819904273153,0.42521051705335666,2023-06-19T20:23:24.929000+00:00,12.909807684816125,22.339359283447266,002,True
phoenix,phoenix:28085,spatial_8km,534786,3194,3183,407.7705511427964,0.0007624929432385972,352.39540381231643,0.0014697460086804464,0.006480326275388953,2156.6026482234724,0.001565348763559694,7,531585,[],1000,1000,0,79,20260921,0.07729106903799464,0.0659937459220538,0.2567070342965747,0.06599044431718767,0.509434465670023,2.0112730353282835,0.5127032235708407,2023-06-19T20:23:24.929000+00:00,12.909807684816125,22.339359283447266,002,True
phoenix,phoenix:28192,paired_primary,550489,3245,3232,421.1872983205276,0.0007651148312146611,363.52359398642267,0.0014232819236214304,0.006276751303692211,2221.1947357171057,0.0015154852261515174,7,547237,[],1000,1000,0,3245,20260921,0.07729538914696377,0.032053484588979,0.1258636731142564,0.03201107874257319,0.24477383653877463,0.9590396104639467,0.24533135580939636,2023-06-26T17:55:48.103000+00:00,10.4247456959482,22.747732162475582,002,True
phoenix,phoenix:28192,spatial_2km,550489,3245,3232,421.1872983205276,0.0007651148312146611,363.52359398642267,0.0014232819236214304,0.006276751303692211,2221.1947357171057,0.0015154852261515174,7,547237,[],1000,1000,0,882,20260921,0.07729538914696378,0.03878074620659795,0.1557621302874006,0.03805342611869211,0.30166607241036,1.2195764356746999,0.2965266082272244,2023-06-26T17:55:48.103000+00:00,10.4247456959482,22.747732162475582,002,True
phoenix,phoenix:28192,spatial_4km,550489,3245,3232,421.1872983205276,0.0007651148312146611,363.52359398642267,0.0014232819236214304,0.006276751303692211,2221.1947357171057,0.0015154852261515174,7,547237,[],1000,1000,0,253,20260921,0.07729538914696378,0.042864043434456454,0.16996355085052506,0.043090186959350296,0.3563682070668262,1.4144685116072058,0.3565128866605675,2023-06-26T17:55:48.103000+00:00,10.4247456959482,22.747732162475582,002,True
phoenix,phoenix:28192,spatial_8km,550489,3245,3232,421.1872983205276,0.0007651148312146611,363.52359398642267,0.0014232819236214304,0.006276751303692211,2221.1947357171057,0.0015154852261515174,7,547237,[],1000,1000,0,79,20260921,0.07729538914696346,0.05033743993575182,0.19552653309648815,0.04874582178324707,0.439958193764432,1.7022252037890393,0.42734759113724935,2023-06-26T17:55:48.103000+00:00,10.4247456959482,22.747732162475582,002,True
phoenix,phoenix:28970,paired_primary,446517,2999,2970,330.0874482930065,0.0007392494536445567,287.3990426747361,0.0018017822542177944,0.007975368905004377,1864.7630576662505,0.0019337394722165658,7,443511,[],1000,1000,0,2999,20260921,0.08100812638892808,0.054155236584696745,0.2166135640832232,0.056532024374000095,0.4496661147099299,1.792498587723781,0.4696615781782687,2023-08-15T21:49:20.544000+00:00,14.27822530655253,19.12088394165039,002,True
phoenix,phoenix:28970,spatial_2km,446517,2999,2970,330.0874482930065,0.0007392494536445567,287.3990426747361,0.0018017822542177944,0.007975368905004377,1864.7630576662505,0.0019337394722165658,7,443511,[],1000,1000,0,850,20260921,0.08100812638892808,0.0625883347305528,0.24882474439288993,0.06324651739004782,0.5269175640728492,2.033440909240845,0.5363811752435138,2023-08-15T21:49:20.544000+00:00,14.27822530655253,19.12088394165039,002,True
phoenix,phoenix:28970,spatial_4km,446517,2999,2970,330.0874482930065,0.0007392494536445567,287.3990426747361,0.0018017822542177944,0.007975368905004377,1864.7630576662505,0.0019337394722165658,7,443511,[],1000,1000,0,252,20260921,0.08100812638892808,0.07133786323623632,0.2752987935475484,0.06908373033712088,0.6307814099719788,2.354219121045956,0.6177371343754738,2023-08-15T21:49:20.544000+00:00,14.27822530655253,19.12088394165039,002,True
phoenix,phoenix:28970,spatial_8km,446517,2999,2970,330.0874482930065,0.0007392494536445567,287.3990426747361,0.0018017822542177944,0.007975368905004377,1864.7630576662505,0.0019337394722165658,7,443511,[],1000,1000,0,79,20260921,0.08100812638892813,0.08151448705813746,0.3164928251419654,0.08178963820376939,0.8145442413389428,3.1938175327315594,0.8351907821592095,2023-08-15T21:49:20.544000+00:00,14.27822530655253,19.12088394165039,002,True
phoenix,phoenix:29092,paired_primary,553858,3244,3233,424.6481811861845,0.000766709483633322,366.6015073749681,0.0014114771819280436,0.00622549398736583,2231.252890054083,0.0015031340208839165,7,550607,[],1000,1000,0,3244,20260921,0.07729083489221605,0.028581498389279657,0.11090173972275341,0.02806033395925819,0.21057550117393342,0.8079934957207611,0.21119144555528516,2023-08-23T18:39:51.131000+00:00,11.150395724554814,24.36393165588379,002,True
phoenix,phoenix:29092,spatial_2km,553858,3244,3233,424.6481811861845,0.000766709483633322,366.6015073749681,0.0014114771819280436,0.00622549398736583,2231.252890054083,0.0015031340208839165,7,550607,[],1000,1000,0,882,20260921,0.07729083489221605,0.03337271832622744,0.13072624444274317,0.03342665849714268,0.24891756611184987,0.9540132537176564,0.25125083238131796,2023-08-23T18:39:51.131000+00:00,11.150395724554814,24.36393165588379,002,True
phoenix,phoenix:29092,spatial_4km,553858,3244,3233,424.6481811861845,0.000766709483633322,366.6015073749681,0.0014114771819280436,0.00622549398736583,2231.252890054083,0.0015031340208839165,7,550607,[],1000,1000,0,253,20260921,0.07729083489221605,0.0404640757706571,0.1575469476362118,0.040735426479671336,0.31440775772219615,1.2460027466450594,0.3155734944924289,2023-08-23T18:39:51.131000+00:00,11.150395724554814,24.36393165588379,002,True
phoenix,phoenix:29092,spatial_8km,553858,3244,3233,424.6481811861845,0.000766709483633322,366.6015073749681,0.0014114771819280436,0.00622549398736583,2231.252890054083,0.0015031340208839165,7,550607,[],1000,1000,0,79,20260921,0.07729083489221622,0.04503224571293096,0.17980115107000694,0.044241847217223226,0.363459287005545,1.4622979939603526,0.3609805461076864,2023-08-23T18:39:51.131000+00:00,11.150395724554814,24.36393165588379,002,True
phoenix,phoenix:29545,paired_primary,341920,2282,2258,238.61968029141653,0.0006978816105855654,209.62130607213712,0.0024863627325032228,0.010465497705391406,1389.7164957362027,0.0023510977970659605,7,339631,[],1000,1000,0,2282,20260921,0.1370231650162142,0.023352708521562092,0.08791676868888632,0.023110799676712902,0.16356919698765693,0.6152579665968592,0.15987192475048037,2023-09-21T23:20:50.387000+00:00,16.001088348287688,21.683624267578125,002,True
phoenix,phoenix:29545,spatial_2km,341920,2282,2258,238.61968029141653,0.0006978816105855654,209.62130607213712,0.0024863627325032228,0.010465497705391406,1389.7164957362027,0.0023510977970659605,7,339631,[],1000,1000,0,662,20260921,0.13702316501621414,0.028470706086155307,0.11221736530239412,0.02819031651484847,0.20045697554786204,0.7714230961641144,0.19993059787219808,2023-09-21T23:20:50.387000+00:00,16.001088348287688,21.683624267578125,002,True
phoenix,phoenix:29545,spatial_4km,341920,2282,2258,238.61968029141653,0.0006978816105855654,209.62130607213712,0.0024863627325032228,0.010465497705391406,1389.7164957362027,0.0023510977970659605,7,339631,[],1000,1000,0,204,20260921,0.13702316501621414,0.0332169970568266,0.13323644099874088,0.034174088649807394,0.24571290803010695,0.9570422481686789,0.25198670622230257,2023-09-21T23:20:50.387000+00:00,16.001088348287688,21.683624267578125,002,True
phoenix,phoenix:29545,spatial_8km,341920,2282,2258,238.61968029141653,0.0006978816105855654,209.62130607213712,0.0024863627325032228,0.010465497705391406,1389.7164957362027,0.0023510977970659605,7,339631,[],1000,999,1,70,20260921,0.13702316501621414,0.04426119831669516,0.1709647602483444,0.04382777143749373,0.33711935118831937,1.2779555042067274,0.336311124873134,2023-09-21T23:20:50.387000+00:00,16.001088348287688,21.683624267578125,002,True
phoenix,phoenix:29606,paired_primary,556675,3246,3235,427.2156453163335,0.0007674417664100839,368.5442694175049,0.0014041845695658888,0.0061908763314409716,2237.482371048841,0.0014941005439414498,7,553422,[],1000,1000,0,3246,20260921,0.0772907830202861,0.02161143770800628,0.08398561728080423,0.02255048621433148,0.16244735084261946,0.6263828723314555,0.16932986262657615,2023-09-25T21:45:42.930000+00:00,14.439583795788078,24.97671127319336,002,True
phoenix,phoenix:29606,spatial_2km,556675,3246,3235,427.2156453163335,0.0007674417664100839,368.5442694175049,0.0014041845695658888,0.0061908763314409716,2237.482371048841,0.0014941005439414498,7,553422,[],1000,1000,0,882,20260921,0.0772907830202861,0.02837924544744002,0.11364776213328986,0.027944312005114498,0.21731899265179733,0.8595486570872639,0.21336083328027855,2023-09-25T21:45:42.930000+00:00,14.439583795788078,24.97671127319336,002,True
phoenix,phoenix:29606,spatial_4km,556675,3246,3235,427.2156453163335,0.0007674417664100839,368.5442694175049,0.0014041845695658888,0.0061908763314409716,2237.482371048841,0.0014941005439414498,7,553422,[],1000,1000,0,253,20260921,0.0772907830202861,0.03217956538429401,0.130713497003627,0.032565007404514165,0.2501356997552431,0.9995877840451719,0.2518071998781389,2023-09-25T21:45:42.930000+00:00,14.439583795788078,24.97671127319336,002,True
phoenix,phoenix:29606,spatial_8km,556675,3246,3235,427.2156453163335,0.0007674417664100839,368.5442694175049,0.0014041845695658888,0.0061908763314409716,2237.482371048841,0.0014941005439414498,7,553422,[],1000,1000,0,79,20260921,0.07729078302028626,0.03771252051738194,0.15246902899072423,0.038066549521280794,0.3012645567227066,1.1993056688703074,0.30209288471167683,2023-09-25T21:45:42.930000+00:00,14.439583795788078,24.97671127319336,002,True
