city,orbit,acquisition_utc,solar_hour,sample_points,observed_points,clear_points,sample_point_coverage_fraction,clear_fraction_of_observed_points,clear_fraction_of_all_sample_points,failed_assets
phoenix,27963,2023-06-11T23:39:53.676Z,16.2123134211585,300,300,278,1.0,0.9266666666666666,0.9266666666666666,0
phoenix,28009,2023-06-14T22:49:37.759Z,15.36431514423414,300,16,16,0.05333333333333334,1.0,0.05333333333333334,0
phoenix,28599,2023-07-22T23:18:25.045Z,15.735532900341568,300,211,211,0.7033333333333334,1.0,0.7033333333333334,0
phoenix,28909,2023-08-11T23:22:47.462Z,15.824321529453329,300,300,214,1.0,0.7133333333333334,0.7133333333333334,0
phoenix,28955,2023-08-14T22:36:40.591Z,15.064045602031111,300,240,240,0.8,1.0,0.8,0
phoenix,29545,2023-09-21T23:20:50.387Z,16.001056795909463,300,300,180,1.0,0.6,0.6,0
phoenix,29591,2023-09-24T22:33:58.528Z,15.238158440725586,300,236,236,0.7866666666666666,1.0,0.7866666666666666,0
los_angeles,27902,2023-06-08T01:17:47.375Z,17.44592899735625,300,18,18,0.06,1.0,0.06,0
los_angeles,27948,2023-06-11T00:28:10.428Z,16.60946995470217,300,300,0,1.0,0.0,0.0,0
los_angeles,28523,2023-07-18T01:42:32.681Z,17.732953539187765,300,142,142,0.47333333333333333,1.0,0.47333333333333333,0
los_angeles,28569,2023-07-21T00:54:11.146Z,16.92289073767847,300,300,300,1.0,1.0,1.0,0
los_angeles,28630,2023-07-24T23:17:32.954Z,15.30852834828483,300,300,300,1.0,1.0,1.0,0
los_angeles,28833,2023-08-07T01:47:01.503Z,17.8069990762762,300,300,300,1.0,1.0,1.0,0
los_angeles,29515,2023-09-20T00:55:56.564Z,17.16322362112742,300,186,186,0.62,1.0,0.62,0
los_angeles,29576,2023-09-23T23:21:04.439Z,15.606470848973022,300,300,300,1.0,1.0,1.0,0
atlanta,27916,2023-06-08T22:58:37.519Z,17.37613456959231,300,300,278,1.0,0.9266666666666666,0.9266666666666666,0
atlanta,27931,2023-06-09T22:09:06.356Z,16.54776371553028,300,12,12,0.04,1.0,0.04,0
atlanta,27962,2023-06-11T22:08:16.691Z,16.52726962785872,300,34,34,0.11333333333333333,1.0,0.11333333333333333,0
atlanta,28598,2023-07-22T21:45:27.745Z,16.042277466196598,300,300,145,1.0,0.48333333333333334,0.48333333333333334,0
atlanta,28923,2023-08-12T21:02:54.902Z,15.344218558370024,300,297,93,0.99,0.31313131313131315,0.31,0
atlanta,29483,2023-09-17T23:22:45.197Z,17.86416257367031,300,300,264,1.0,0.88,0.88,0
atlanta,29544,2023-09-21T21:48:08.443Z,16.297344186825324,300,3,3,0.01,1.0,0.01,0
atlanta,29559,2023-09-22T21:01:02.524Z,15.518324234267723,300,300,299,1.0,0.9966666666666667,0.9966666666666667,0
minneapolis_st_paul,27839,2023-06-03T23:45:19.748Z,17.58711264502146,300,115,115,0.38333333333333336,1.0,0.38333333333333336,0
minneapolis_st_paul,27870,2023-06-05T23:44:47.783Z,17.558125289155218,300,300,72,1.0,0.24,0.24,0
minneapolis_st_paul,27885,2023-06-06T22:55:54.408Z,16.74053859223138,300,300,211,1.0,0.7033333333333334,0.7033333333333334,0
minneapolis_st_paul,27900,2023-06-07T22:07:31.743Z,15.93120433318268,300,98,98,0.32666666666666666,1.0,0.32666666666666666,0
minneapolis_st_paul,27931,2023-06-09T22:05:38.477Z,15.907933478015972,300,300,300,1.0,1.0,1.0,0
minneapolis_st_paul,27946,2023-06-10T21:16:41.565Z,15.088940993690295,300,300,15,1.0,0.05,0.05,0
minneapolis_st_paul,28630,2023-07-24T23:23:20.207Z,17.061170470179,300,300,300,1.0,1.0,1.0,0
minneapolis_st_paul,28660,2023-07-26T21:46:04.122Z,15.453687694854908,300,254,254,0.8466666666666667,1.0,0.8466666666666667,0
minneapolis_st_paul,28770,2023-08-03T00:13:13.539Z,17.89422644858793,300,300,94,1.0,0.31333333333333335,0.31333333333333335,0
minneapolis_st_paul,28785,2023-08-03T23:24:59.142Z,17.09135934270509,300,98,98,0.32666666666666666,1.0,0.32666666666666666,0
minneapolis_st_paul,29606,2023-09-25T21:50:11.047Z,15.773924897648149,300,300,0,1.0,0.0,0.0,0
miami,27962,2023-06-11T22:10:00.631Z,16.830043314437752,300,300,153,1.0,0.51,0.51,0
miami,28506,2023-07-16T23:21:19.860Z,17.90759913420573,300,172,0,0.5733333333333334,0.0,0.0,0
miami,28567,2023-07-20T21:45:04.019Z,16.297475230072603,300,300,212,1.0,0.7066666666666667,0.7066666666666667,0
miami,28908,2023-08-11T21:52:54.601Z,16.44168211797343,300,300,235,1.0,0.7833333333333333,0.7833333333333333,0
miami,29467,2023-09-16T22:33:14.101Z,17.29905665953567,300,172,1,0.5733333333333334,0.005813953488372093,0.0033333333333333335,0
miami,29528,2023-09-20T20:59:13.991Z,15.749529095693084,300,172,78,0.5733333333333334,0.45348837209302323,0.26,0
charlotte,27916,2023-06-08T22:58:37.519Z,17.611411204585313,300,41,41,0.13666666666666666,1.0,0.13666666666666666,0
charlotte,27931,2023-06-09T22:09:06.350Z,16.79748284634899,300,300,300,1.0,1.0,1.0,0
charlotte,27992,2023-06-13T20:29:54.708Z,15.1164983496651,300,300,251,1.0,0.8366666666666667,0.8366666666666667,0
charlotte,28552,2023-07-19T22:34:56.447Z,17.098448578640667,300,167,167,0.5566666666666666,1.0,0.5566666666666666,0
charlotte,28598,2023-07-22T21:46:19.714Z,16.291997995268876,300,300,211,1.0,0.7033333333333334,0.7033333333333334,0
charlotte,28923,2023-08-12T21:03:46.872Z,15.586718231037636,300,288,0,0.96,0.0,0.0,0
charlotte,29559,2023-09-22T21:01:02.524Z,15.768049023625432,300,80,0,0.26666666666666666,0.0,0.0,0
raleigh,27885,2023-06-06T23:00:14.256Z,17.786505624196767,300,300,276,1.0,0.92,0.92,0
raleigh,27931,2023-06-09T22:09:58.326Z,16.93945732121152,300,300,295,1.0,0.9833333333333333,0.9833333333333333,0
raleigh,27946,2023-06-10T21:21:01.414Z,16.12046468124988,300,234,234,0.78,1.0,0.78,0
raleigh,27992,2023-06-13T20:29:54.708Z,15.272915181916732,300,300,31,1.0,0.10333333333333333,0.10333333333333333,0
raleigh,28552,2023-07-19T22:35:48.417Z,17.247644863510306,300,300,7,1.0,0.023333333333333334,0.023333333333333334,0
raleigh,28598,2023-07-22T21:47:11.684Z,16.433972470131405,300,300,46,1.0,0.15333333333333332,0.15333333333333332,0
raleigh,28613,2023-07-23T20:58:44.275Z,15.640107056807327,300,300,298,1.0,0.9933333333333333,0.9933333333333333,0
raleigh,28923,2023-08-12T21:03:46.872Z,15.728692705900162,300,144,144,0.48,1.0,0.48,0
washington,27885,2023-06-06T22:59:22.280Z,17.871767967223224,300,300,48,1.0,0.16,0.16,0
washington,27900,2023-06-07T22:10:07.653Z,17.062433515071678,300,300,187,1.0,0.6233333333333333,0.6233333333333333,0
washington,27946,2023-06-10T21:20:09.444Z,16.22016965865916,300,300,282,1.0,0.94,0.94,0
washington,27961,2023-06-11T20:31:39.699Z,15.394173625931174,300,272,272,0.9066666666666666,1.0,0.9066666666666666,0
washington,27992,2023-06-13T20:29:54.708Z,15.358177801936908,300,15,15,0.05,1.0,0.05,0
washington,28598,2023-07-22T21:48:03.654Z,16.548121341677216,300,300,262,1.0,0.8733333333333333,0.8733333333333333,0
washington,28644,2023-07-25T20:59:37.299Z,15.738894377064378,300,268,268,0.8933333333333333,1.0,0.8933333333333333,0
washington,28938,2023-08-13T20:15:26.583Z,15.039986971359552,300,117,117,0.39,1.0,0.39,0
washington,29605,2023-09-25T20:15:26.264Z,15.2533732661139,300,295,154,0.9833333333333333,0.5220338983050847,0.5133333333333333,0
baltimore,27885,2023-06-06T22:59:22.287Z,17.914936472691195,300,300,226,1.0,0.7533333333333333,0.7533333333333333,0
baltimore,27900,2023-06-07T22:10:59.622Z,17.098380703348237,300,300,191,1.0,0.6366666666666667,0.6366666666666667,0
baltimore,27946,2023-06-10T21:20:09.444Z,16.2488956184759,300,300,286,1.0,0.9533333333333334,0.9533333333333334,0
baltimore,27961,2023-06-11T20:31:39.699Z,15.430120814207733,300,300,189,1.0,0.63,0.63,0
baltimore,28598,2023-07-22T21:48:03.654Z,16.591290477050674,300,300,281,1.0,0.9366666666666666,0.9366666666666666,0
baltimore,28644,2023-07-25T20:59:37.299Z,15.78206365711467,300,300,300,1.0,1.0,1.0,0
baltimore,29605,2023-09-25T20:16:18.234Z,15.303768519790546,300,300,22,1.0,0.07333333333333333,0.07333333333333333,0
philadelphia,27900,2023-06-07T22:10:59.622Z,17.188617590876454,300,300,300,1.0,1.0,1.0,0
philadelphia,27946,2023-06-10T21:21:01.414Z,16.346353734463936,300,43,43,0.14333333333333334,1.0,0.14333333333333334,0
philadelphia,27961,2023-06-11T20:31:39.699Z,15.520357701735952,300,300,99,1.0,0.33,0.33,0
philadelphia,28598,2023-07-22T21:48:03.654Z,16.688749311675792,300,300,129,1.0,0.43,0.43,0
philadelphia,28644,2023-07-25T21:00:29.269Z,15.87952263641662,300,259,259,0.8633333333333333,1.0,0.8633333333333333,0
philadelphia,28659,2023-07-26T20:12:43.199Z,15.08307027584005,300,68,68,0.22666666666666666,1.0,0.22666666666666666,0
new_york,27900,2023-06-07T22:10:59.622Z,17.278031904454952,300,300,295,1.0,0.9833333333333333,0.9833333333333333,0
new_york,27946,2023-06-10T21:21:01.414Z,16.435768048042434,300,1,1,0.0033333333333333335,1.0,0.0033333333333333335,0
new_york,27961,2023-06-11T20:31:39.699Z,15.609772015314448,300,300,106,1.0,0.35333333333333333,0.35333333333333333,0
new_york,28598,2023-07-22T21:48:55.624Z,16.778163625254287,300,300,55,1.0,0.18333333333333332,0.18333333333333332,0
new_york,28644,2023-07-25T21:00:29.269Z,15.97615904179887,300,0,0,0.0,,0.0,0
new_york,28659,2023-07-26T20:12:43.199Z,15.172484589418548,300,299,294,0.9966666666666667,0.9832775919732442,0.98,0
new_york,28800,2023-08-04T22:39:34.830Z,17.6391076674292,300,234,138,0.78,0.5897435897435898,0.46,0
boston,27930,2023-06-09T20:32:37.632Z,15.83396249895704,300,300,2,1.0,0.006666666666666667,0.006666666666666667,0
boston,28659,2023-07-26T20:12:43.199Z,15.359525177300396,300,300,295,1.0,0.9833333333333333,0.9833333333333333,0
boston,28800,2023-08-04T22:40:26.800Z,17.82614825531105,300,165,0,0.55,0.0,0.0,0
boston,28815,2023-08-05T21:51:18.075Z,17.023058074516715,300,277,237,0.9233333333333333,0.855595667870036,0.79,0
boston,29605,2023-09-25T20:17:10.204Z,15.684908374157482,300,168,0,0.56,0.0,0.0,0
chicago,27839,2023-06-03T23:47:03.687Z,17.959970347462292,300,6,6,0.02,1.0,0.02,0
chicago,27885,2023-06-06T22:57:38.347Z,17.127838763042543,300,34,0,0.11333333333333333,0.0,0.0,0
chicago,27931,2023-06-09T22:07:22.416Z,16.28079087574596,300,300,299,1.0,0.9966666666666667,0.9966666666666667,0
chicago,27946,2023-06-10T21:18:25.505Z,15.461798352508367,300,299,233,0.9966666666666667,0.7792642140468228,0.7766666666666666,0
chicago,28660,2023-07-26T21:46:56.091Z,15.812102596683552,300,101,101,0.33666666666666667,1.0,0.33666666666666667,0
chicago,28831,2023-08-06T22:37:08.312Z,16.656447741777278,300,291,273,0.97,0.9381443298969072,0.91,0
chicago,28862,2023-08-08T22:37:41.521Z,16.669310551902324,300,97,97,0.3233333333333333,1.0,0.3233333333333333,0
chicago,28892,2023-08-10T21:00:24.338Z,15.052162252576345,300,235,235,0.7833333333333333,1.0,0.7833333333333333,0
chicago,28923,2023-08-12T21:01:10.963Z,15.070015522125914,300,126,126,0.42,1.0,0.42,0
chicago,29575,2023-09-23T21:49:54.622Z,16.11547989666088,300,300,274,1.0,0.9133333333333333,0.9133333333333333,0
houston,27932,2023-06-09T23:44:38.385Z,17.402059202624695,300,300,97,1.0,0.3233333333333333,0.3233333333333333,0
houston,27947,2023-06-10T22:55:45.017Z,16.584173282690028,300,14,14,0.04666666666666667,1.0,0.04666666666666667,0
houston,27993,2023-06-13T22:04:57.210Z,15.74188995557996,300,300,296,1.0,0.9866666666666667,0.9866666666666667,0
houston,28583,2023-07-21T22:32:05.115Z,16.068302546062665,300,300,228,1.0,0.76,0.76,0
houston,28939,2023-08-13T21:50:49.164Z,15.408009020466071,300,300,299,1.0,0.9966666666666667,0.9966666666666667,0
houston,29483,2023-09-17T23:21:01.257Z,17.083106124100972,300,182,182,0.6066666666666667,1.0,0.6066666666666667,0
houston,29529,2023-09-20T22:34:07.041Z,16.320005618524988,300,300,300,1.0,1.0,1.0,0
houston,29544,2023-09-21T21:46:24.504Z,15.5307360499782,300,182,182,0.6066666666666667,1.0,0.6066666666666667,0
dallas,27932,2023-06-09T23:44:38.385Z,17.29734071579204,300,213,209,0.71,0.9812206572769953,0.6966666666666667,0
dallas,27993,2023-06-13T22:04:57.210Z,15.622729113225995,300,213,0,0.71,0.0,0.0,0
dallas,28832,2023-08-07T00:14:25.462Z,17.67360746284704,300,298,298,0.9933333333333333,1.0,0.9933333333333333,0
dallas,28878,2023-08-09T23:25:48.782Z,16.869098827951582,300,300,300,1.0,1.0,1.0,0
dallas,28893,2023-08-10T22:37:09.595Z,16.06047902544869,300,132,132,0.44,1.0,0.44,0
dallas,28939,2023-08-13T21:49:57.194Z,15.296067442961196,300,300,300,1.0,1.0,1.0,0
dallas,29514,2023-09-19T23:22:02.571Z,17.00786638818079,300,300,122,1.0,0.4066666666666667,0.4066666666666667,0
dallas,29529,2023-09-20T22:34:07.041Z,16.222511228042038,300,300,300,1.0,1.0,1.0,0
dallas,29575,2023-09-23T21:47:18.712Z,15.453344961873889,300,300,300,1.0,1.0,1.0,0
denver,27932,2023-06-09T23:41:25.861Z,16.711282892849177,300,105,105,0.35,1.0,0.35,0
denver,27993,2023-06-13T22:02:21.300Z,15.046948092286922,300,300,26,1.0,0.08666666666666667,0.08666666666666667,0
denver,28569,2023-07-21T00:56:47.055Z,17.85104007859495,300,145,145,0.48333333333333334,1.0,0.48333333333333334,0
denver,28599,2023-07-22T23:21:00.954Z,16.245389006112312,300,120,120,0.4,1.0,0.4,0
denver,28893,2023-08-10T22:34:33.689Z,15.48468744937825,300,300,19,1.0,0.06333333333333334,0.06333333333333334,0
denver,29545,2023-09-21T23:22:34.327Z,16.511203490843005,300,300,31,1.0,0.10333333333333333,0.10333333333333333,0
denver,29591,2023-09-24T22:35:42.467Z,15.748304902093375,300,300,184,1.0,0.6133333333333333,0.6133333333333333,0
sacramento,27948,2023-06-11T00:26:26.488Z,16.373907147454418,300,283,283,0.9433333333333334,1.0,0.9433333333333334,0
sacramento,28600,2023-07-23T00:54:26.419Z,16.7110574475443,300,300,300,1.0,1.0,1.0,0
sacramento,28661,2023-07-26T23:17:29.293Z,15.092961343160534,300,300,300,1.0,1.0,1.0,0
sacramento,29546,2023-09-22T00:57:14.384Z,16.983444970488332,300,62,62,0.20666666666666667,1.0,0.20666666666666667,0
sacramento,29561,2023-09-23T00:09:02.322Z,16.186082317315808,300,300,298,1.0,0.9933333333333333,0.9933333333333333,0
sacramento,29607,2023-09-25T23:22:03.384Z,15.421094463011991,300,62,62,0.20666666666666667,1.0,0.20666666666666667,0
portland,27825,2023-06-03T02:06:46.620Z,17.975118540594295,300,300,300,1.0,1.0,1.0,0
portland,27871,2023-06-06T01:16:30.672Z,17.129077300201068,300,300,300,1.0,1.0,1.0,0
portland,27886,2023-06-07T00:27:25.471Z,16.308152281512587,300,300,300,1.0,1.0,1.0,0
portland,28585,2023-07-22T01:43:49.331Z,17.447453760105283,300,300,300,1.0,1.0,1.0,0
portland,28616,2023-07-24T01:43:39.779Z,17.44290024017238,300,300,300,1.0,1.0,1.0,0
portland,28631,2023-07-25T00:54:39.471Z,16.640049653991326,300,300,68,1.0,0.22666666666666666,0.22666666666666666,0
portland,28646,2023-07-26T00:07:01.664Z,15.831241062212074,300,294,294,0.98,1.0,0.98,0
portland,28771,2023-08-03T01:44:41.074Z,17.461260160797824,300,294,294,0.98,1.0,0.98,0
portland,28802,2023-08-05T01:45:17.621Z,17.473581284378383,300,300,284,1.0,0.9466666666666667,0.9466666666666667,0
portland,29531,2023-09-21T01:45:21.725Z,17.699015010861878,300,300,235,1.0,0.7833333333333333,0.7833333333333333,0
portland,29562,2023-09-23T01:46:46.636Z,17.727793257615012,300,22,22,0.07333333333333333,1.0,0.07333333333333333,0
portland,29577,2023-09-24T00:58:31.036Z,16.929556344426675,300,22,0,0.07333333333333333,0.0,0.0,0
seattle,27825,2023-06-03T02:06:46.620Z,17.99952730408722,300,300,300,1.0,1.0,1.0,0
seattle,27871,2023-06-06T01:16:30.672Z,17.153486063693997,300,277,277,0.9233333333333333,1.0,0.9233333333333333,0
seattle,27886,2023-06-07T00:27:25.471Z,16.332561045005512,300,300,300,1.0,1.0,1.0,0
seattle,28616,2023-07-24T01:43:39.779Z,17.474531006690054,300,300,300,1.0,1.0,1.0,0
seattle,28631,2023-07-25T00:55:31.441Z,16.66445841748425,300,277,19,0.9233333333333333,0.06859205776173286,0.06333333333333334,0
seattle,28662,2023-07-27T00:55:13.608Z,16.658646510408992,300,300,269,1.0,0.8966666666666666,0.8966666666666666,0
seattle,28723,2023-07-30T23:18:39.972Z,15.06402630930015,300,300,273,1.0,0.91,0.91,0
seattle,28771,2023-08-03T01:44:41.074Z,17.485668924290753,300,300,300,1.0,1.0,1.0,0
seattle,28786,2023-08-04T00:56:55.024Z,16.69059086737037,300,300,300,1.0,1.0,1.0,0
seattle,29531,2023-09-21T01:46:13.695Z,17.730647869638148,300,277,277,0.9233333333333333,1.0,0.9233333333333333,0
seattle,29562,2023-09-23T01:46:46.636Z,17.759426095885292,300,300,300,1.0,1.0,1.0,0
seattle,29577,2023-09-24T00:59:23.006Z,16.968413231711622,300,300,0,1.0,0.0,0.0,0
seattle,29623,2023-09-27T00:11:39.188Z,16.190755726619642,300,300,0,1.0,0.0,0.0,0
seattle,29669,2023-09-29T23:23:43.787Z,15.409167021249612,300,300,292,1.0,0.9733333333333334,0.9733333333333334,0
