orbit,acquisition_utc,solar_hour,tiles,tile_mean_cloud_pct,city
27805,2023-06-01T18:52:17.510Z,12.463062244441383,4,,dallas
27820,2023-06-02T18:03:41.847Z,11.643375648953455,1,,dallas
27912,2023-06-08T16:24:35.998Z,9.967346101965374,1,,dallas
27927,2023-06-09T15:35:19.007Z,9.143160645142878,4,,dallas
27932,2023-06-09T23:44:38.385Z,17.29734071579204,3,,dallas
27973,2023-06-12T14:44:33.559Z,8.294440525805527,3,,dallas
27988,2023-06-13T13:55:49.643Z,7.471683102760529,4,,dallas
27993,2023-06-13T22:04:57.210Z,15.622729113225997,3,,dallas
28008,2023-06-14T21:15:37.857Z,14.797134031625413,1,,dallas
28034,2023-06-16T13:04:59.469Z,6.628472443216823,4,,dallas
28054,2023-06-17T20:25:37.104Z,13.96767008839971,4,,dallas
28095,2023-06-20T11:28:08.166Z,4.985629968588615,4,,dallas
28110,2023-06-21T10:39:43.318Z,4.17515630647364,1,,dallas
28156,2023-06-24T09:50:45.131Z,3.348229077870753,4,,dallas
28161,2023-06-24T17:58:57.179Z,11.490886957511545,1,,dallas
28176,2023-06-25T17:10:15.605Z,10.668506805270797,4,,dallas
28217,2023-06-28T08:11:54.666Z,1.6866474237206925,4,,dallas
28237,2023-06-29T15:31:37.942Z,9.017925359271112,4,,dallas
28278,2023-07-02T06:33:02.801Z,0.025417768965108715,2,,dallas
28283,2023-07-02T14:41:36.105Z,8.167075966733837,4,,dallas
28339,2023-07-06T04:55:11.423Z,22.38211948065208,4,,dallas
28359,2023-07-07T12:16:25.860Z,5.732145367136562,1,,dallas
28405,2023-07-10T11:29:16.370Z,4.93814764195624,4,,dallas
28446,2023-07-13T02:32:28.681Z,19.985044931822557,4,,dallas
28461,2023-07-14T01:44:26.065Z,19.182327098376273,3,,dallas
28507,2023-07-17T00:56:20.998Z,18.389216344541445,4,,dallas
28527,2023-07-18T08:17:24.809Z,1.7236701236286591,4,,dallas
28649,2023-07-26T05:04:10.651Z,22.4952048662173,3,,dallas
28690,2023-07-28T20:07:05.299Z,13.54340482351064,4,,dallas
28736,2023-07-31T19:18:42.714Z,12.745198245191796,1,,dallas
28812,2023-08-05T16:53:17.112Z,10.333784320926288,4,,dallas
28832,2023-08-07T00:14:25.462Z,17.67360746284704,2,,dallas
28858,2023-08-08T16:04:55.589Z,9.518311361887578,4,,dallas
28873,2023-08-09T15:16:29.582Z,8.71308145115109,3,,dallas
28878,2023-08-09T23:25:48.782Z,16.869098827951582,4,,dallas
28893,2023-08-10T22:37:09.595Z,16.06047902544869,1,,dallas
28919,2023-08-12T14:28:38.026Z,7.922718643833517,4,,dallas
28939,2023-08-13T21:49:57.194Z,15.296067442961196,4,,dallas
28954,2023-08-14T21:02:50.138Z,14.499213820336045,1,,dallas
28995,2023-08-17T12:06:39.389Z,5.571407348681921,3,,dallas
29000,2023-08-17T20:15:29.060Z,13.734267031037108,4,,dallas
29041,2023-08-20T11:19:52.360Z,4.802711266815202,4,,dallas
29061,2023-08-21T18:40:49.076Z,12.17160765426842,4,,dallas
29102,2023-08-24T09:44:44.004Z,3.2338200021182404,4,,dallas
29117,2023-08-25T08:56:40.246Z,2.4371382014931795,1,,dallas
29163,2023-08-28T08:07:49.363Z,1.6373235827297157,1,,dallas
29168,2023-08-28T16:17:20.366Z,9.797649256026013,1,,dallas
29224,2023-09-01T06:30:46.193Z,0.05490316640449738,4,,dallas
29229,2023-09-01T14:39:51.383Z,8.208150916537361,3,,dallas
29244,2023-09-02T13:51:23.970Z,7.405723003319983,4,,dallas
29290,2023-09-05T13:02:23.394Z,6.605994096184203,4,,dallas
29305,2023-09-06T12:13:42.009Z,5.7999955953558215,4,,dallas
29331,2023-09-08T04:04:35.552Z,21.643769907552784,3,,dallas
29346,2023-09-09T03:16:23.701Z,20.846270245292793,4,,dallas
29351,2023-09-09T11:25:38.171Z,5.002499675417088,4,,dallas
29366,2023-09-10T10:37:53.306Z,4.227015812653206,3,,dallas
29407,2023-09-13T01:42:33.306Z,19.32130807843266,4,,dallas
29412,2023-09-13T09:51:59.587Z,3.4659204021378236,2,,dallas
29453,2023-09-16T00:55:52.122Z,18.56152948761484,3,,dallas
29473,2023-09-17T08:18:36.033Z,1.9341764281970326,4,,dallas
29488,2023-09-18T07:30:52.338Z,1.1446886126860214,2,,dallas
29514,2023-09-19T23:22:02.571Z,17.00786638818079,3,,dallas
29529,2023-09-20T22:34:07.041Z,16.222511228042038,4,,dallas
29549,2023-09-22T05:55:18.883Z,23.576453701243047,2,,dallas
29575,2023-09-23T21:47:18.712Z,15.453344961873889,4,,dallas
29590,2023-09-24T20:59:12.564Z,14.657570685101247,4,,dallas
29636,2023-09-27T20:11:10.035Z,13.874762130171653,1,,dallas
29651,2023-09-28T19:23:22.799Z,13.08374791688923,3,,dallas
29656,2023-09-29T03:32:58.529Z,21.245718282552925,4,,dallas
