source_pass_id,city,demand_percentile,antecedent_dryness_percentile,local_solar_time_hours,solar_zenith_deg,solar_azimuth_deg,local_solar_date,acquisition_utc,sampling_weight,template_geometry_status
atlanta|orbit_344,atlanta,1.0,0.404102564102564,16.897778310459298,66.19586574665324,277.41985219515146,2018-07-28,2018-07-28 22:37:48.435000+00:00,0.3367441419289407,observed_solar_geometry
atlanta|orbit_497,atlanta,0.9979508196721312,0.0307692307692307,13.079327301533215,22.852965391382057,223.796809018368,2018-08-07,2018-08-07 18:48:08.608000+00:00,0.6412719027831993,observed_solar_geometry
atlanta|orbit_604,atlanta,0.9713114754098361,0.0266666666666666,10.2432133492214,30.789873260625015,123.12673386446926,2018-08-14,2018-08-14 15:56:58.669000+00:00,0.9899550908580164,observed_solar_geometry
atlanta|orbit_624,atlanta,0.9877049180327869,0.0502564102564102,17.505057110726305,76.29074528134367,277.66254104520885,2018-08-15,2018-08-15 23:12:26.900000+00:00,0.9380917810068258,observed_solar_geometry
atlanta|orbit_884,atlanta,0.7735655737704918,0.5558974358974359,10.900995480695997,29.8145155186644,145.82408948133235,2018-09-01,2018-09-01 16:31:43.235000+00:00,0.6966075539292763,observed_solar_geometry
atlanta|orbit_5130,atlanta,1.0,0.924102564102564,14.674507302583455,36.97205808484717,262.10644707008396,2019-06-01,2019-06-01 20:15:18.532000+00:00,0.8302463618487536,observed_solar_geometry
atlanta|orbit_5379,atlanta,0.9959016393442623,0.5620512820512821,16.007688824115327,52.96014844272133,275.3369366264332,2019-06-17,2019-06-17 21:38:21.489000+00:00,0.6653783713778095,observed_solar_geometry
atlanta|orbit_5608,atlanta,0.985655737704918,0.2533333333333333,10.011582016433891,28.301747519024772,104.57736772410578,2019-07-02,2019-07-02 15:41:44.941000+00:00,0.9971135570156398,observed_solar_geometry
atlanta|orbit_5985,atlanta,1.0,0.7723076923076924,16.567675685853033,61.85144208924365,275.37952177990985,2019-07-26,2019-07-26 22:17:59.044000+00:00,0.978616535757673,observed_solar_geometry
atlanta|orbit_6153,atlanta,0.992827868852459,0.5497435897435897,12.360325135826766,17.892812324873276,197.26889574260423,2019-08-06,2019-08-06 18:05:06.591000+00:00,0.8242516663079286,observed_solar_geometry
atlanta|orbit_6463,atlanta,0.2489754098360656,0.7128205128205128,12.297187025287927,23.86991351056473,191.1050465287712,2019-08-26,2019-08-26 17:57:20.177000+00:00,0.0002371319438617,observed_solar_geometry
atlanta|orbit_6524,atlanta,0.9877049180327869,0.6523076923076923,10.671821647531344,30.86234101945322,139.19050698595214,2019-08-30,2019-08-30 16:18:37.284000+00:00,1.0,observed_solar_geometry
atlanta|orbit_10867,atlanta,0.05942622950819672,0.6697435897435897,12.187832439831087,11.43532387005108,192.72339508549152,2020-06-05,2020-06-05 17:46:50.486000+00:00,0.140284339441609,observed_solar_geometry
atlanta|orbit_10928,atlanta,0.13524590163934427,0.6758974358974359,10.602843341059684,21.39139356632269,114.91464993636272,2020-06-09,2020-06-09 16:12:28.021000+00:00,0.357527844762485,observed_solar_geometry
atlanta|orbit_10948,atlanta,0.0430327868852459,0.5743589743589743,17.940209797550917,76.52908688817519,289.0113058730205,2020-06-10,2020-06-10 23:32:58.757000+00:00,0.4512920042756713,observed_solar_geometry
atlanta|orbit_11009,atlanta,0.4969262295081967,0.518974358974359,16.350018717841742,57.21905627768195,277.7723035585507,2020-06-14,2020-06-14 21:58:22.279000+00:00,0.3121561130791035,observed_solar_geometry
atlanta|orbit_16484,atlanta,0.8043032786885246,0.2656410256410256,12.91241712347401,16.60675874761658,229.4436031602951,2021-06-02,2021-06-02 18:29:43.327000+00:00,0.0,observed_solar_geometry
atlanta|orbit_16545,atlanta,0.4959016393442623,0.8810256410256411,11.352779436166024,14.064699789588502,139.64227530519713,2021-06-06,2021-06-06 16:56:48.424000+00:00,0.0044938327453677,observed_solar_geometry
atlanta|orbit_16626,atlanta,0.030737704918032786,0.8512820512820513,17.14328515127117,66.98621947104196,283.2841185536854,2021-06-11,2021-06-11 22:45:14.883000+00:00,0.0267594278188603,observed_solar_geometry
atlanta|orbit_16688,atlanta,1.0,0.8625641025641025,15.587140606784622,47.73273969216203,272.034501167816,2021-06-15,2021-06-15 21:12:41.285000+00:00,0.9991528917328508,observed_solar_geometry
atlanta|orbit_16810,atlanta,0.9754098360655737,0.438974358974359,12.45303468433418,11.94355367180539,210.99425924566663,2021-06-23,2021-06-23 18:06:21.986000+00:00,0.929610483420829,observed_solar_geometry
atlanta|orbit_17743,atlanta,0.23668032786885246,0.3261538461538461,12.571497314691417,23.68333493939022,201.6348388046455,2021-08-22,2021-08-22 18:14:53.408000+00:00,0.0720859220237205,observed_solar_geometry
atlanta|orbit_17804,atlanta,0.6024590163934426,0.3671794871794872,11.076386164045202,26.804771232704496,148.80205577744732,2021-08-26,2021-08-26 16:44:06.081000+00:00,0.7615138503296134,observed_solar_geometry
atlanta|orbit_22401,atlanta,1.0,0.6471794871794871,14.03769884149147,28.54115904388714,256.6400906459726,2022-06-18,2022-06-18 19:40:21.626000+00:00,0.9842522500173287,observed_solar_geometry
atlanta|orbit_22916,atlanta,0.18545081967213115,0.2389743589743589,16.962387109696024,66.2151615665555,279.3206879621186,2022-07-21,2022-07-21 22:41:28.177000+00:00,0.0,observed_solar_geometry
atlanta|orbit_22977,atlanta,0.9815573770491803,0.1025641025641025,15.34137213304785,46.51590641752627,265.3268893005798,2022-07-25,2022-07-25 21:04:23.803000+00:00,0.0005384719217537,observed_solar_geometry
atlanta|orbit_23350,atlanta,0.6434426229508197,0.3682051282051282,13.771567694401217,32.011687826167076,235.61460194930063,2022-08-18,2022-08-18 19:27:50.583000+00:00,0.0382628808247813,observed_solar_geometry
atlanta|orbit_23974,atlanta,0.9989754098360656,0.6441025641025642,14.436003211256942,49.51099960577804,231.4335588009872,2022-09-27,2022-09-27 19:54:18.867000+00:00,0.9996205888898212,observed_solar_geometry
atlanta|orbit_27835,atlanta,1.0,0.7548717948717949,11.709061681628958,12.141435445782392,160.00481881814096,2023-06-03,2023-06-03 17:17:40.910000+00:00,0.9388301733981738,observed_solar_geometry
atlanta|orbit_27896,atlanta,0.9795081967213115,0.798974358974359,10.055194398989116,27.91492890982537,105.65922808782784,2023-06-07,2023-06-07 15:39:07.020000+00:00,0.9882754670587248,observed_solar_geometry
atlanta|orbit_27916,atlanta,0.9948770491803278,0.8153846153846154,17.37612540258647,69.93777197082616,284.7194215782222,2023-06-08,2023-06-08 22:58:37.519000+00:00,0.9351863674669566,observed_solar_geometry
atlanta|orbit_28598,atlanta,0.9497950819672131,0.515897435897436,16.04226829919076,54.904000640462186,272.113213486307,2023-07-22,2023-07-22 21:46:19.714000+00:00,0.470849917368638,observed_solar_geometry
atlanta|orbit_33637,atlanta,1.0,0.7230769230769231,15.31666121957979,44.45661518844,269.6017339703782,2024-06-11,2024-06-11 20:55:44.696000+00:00,0.9891933500906572,observed_solar_geometry
atlanta|orbit_33698,atlanta,1.0,0.8256410256410256,13.661872720801393,24.082317101136837,250.7127587810155,2024-06-15,2024-06-15 19:17:16.508000+00:00,0.7951858567212313,observed_solar_geometry
atlanta|orbit_33759,atlanta,0.9805327868852459,0.8943589743589744,12.066022162128665,10.427674179530698,184.41902965148267,2024-06-19,2024-06-19 17:42:22.248000+00:00,0.038561302255672,observed_solar_geometry
atlanta|orbit_33820,atlanta,1.0,0.913846153846154,10.461429823873804,22.79200779619363,111.1238377015203,2024-06-23,2024-06-23 16:06:57.066000+00:00,0.9206104141053376,observed_solar_geometry
atlanta|orbit_39441,atlanta,0.8852459016393442,0.0410256410256409,11.254725597977025,14.351593273380344,133.46982539742618,2025-06-20,2025-06-20 16:53:47.361000+00:00,0.9272515678069672,observed_solar_geometry
atlanta|orbit_40003,atlanta,1.0,0.7241025641025641,13.153825127530832,21.209361980298254,230.9245951872077,2025-07-26,2025-07-26 18:53:09.129000+00:00,0.8691053558985659,observed_solar_geometry
atlanta|orbit_40064,atlanta,0.5870901639344263,0.8728205128205129,11.534868195927102,16.708826739333304,156.46005168329384,2025-07-30,2025-07-30 17:16:00.373000+00:00,0.5758526717473705,observed_solar_geometry
atlanta|orbit_40768,atlanta,0.9702868852459017,0.7835897435897436,17.789621944656762,85.36895767107099,271.11238694195504,2025-09-13,2025-09-13 23:20:39.410000+00:00,0.9917047597853408,observed_solar_geometry
los_angeles|orbit_422,los_angeles,0.9825819672131147,0.9928205128205128,15.060172918386176,44.066931182292905,260.0645658190007,2018-08-02,2018-08-02 23:02:32.833000+00:00,1.0,observed_solar_geometry
los_angeles|orbit_529,los_angeles,0.9979508196721312,0.9907692307692308,12.21989079786653,18.549159252393807,190.2746549184764,2018-08-09,2018-08-09 20:11:28.333000+00:00,0.7775008773805019,observed_solar_geometry
los_angeles|orbit_809,los_angeles,0.7008196721311475,0.9056410256410256,12.865214209027693,26.944526606424574,209.4711338741115,2018-08-27,2018-08-27 20:46:14.153000+00:00,0.9990923255784708,observed_solar_geometry
los_angeles|orbit_5162,los_angeles,0.23565573770491804,0.0307692307692307,13.897782099128287,27.445638499877735,252.39484443466068,2019-06-03,2019-06-03 21:44:10.128000+00:00,0.9920241253916776,observed_solar_geometry
los_angeles|orbit_5223,los_angeles,0.10040983606557377,0.0369230769230769,12.199687239554294,11.485196495461295,193.51924638346736,2019-06-07,2019-06-07 20:02:58.490000+00:00,0.8981038292657554,observed_solar_geometry
los_angeles|orbit_5304,los_angeles,0.48565573770491804,0.044102564102564,17.800085476112535,74.79334197224273,288.0190857830118,2019-06-12,2019-06-13 01:40:01.072000+00:00,1.0,observed_solar_geometry
los_angeles|orbit_5472,los_angeles,0.7315573770491803,0.1753846153846153,13.520642595387695,22.466670624172068,247.9326316065811,2019-06-23,2019-06-23 21:25:35.180000+00:00,1.0,observed_solar_geometry
los_angeles|orbit_5956,los_angeles,0.985655737704918,0.5969230769230769,17.480725818240742,72.81583247447097,282.62190050840513,2019-07-24,2019-07-25 01:27:52.064000+00:00,0.6514633106338517,observed_solar_geometry
los_angeles|orbit_6327,los_angeles,0.8002049180327869,0.8512820512820513,15.60889600549474,53.10532562065595,260.8064155312507,2019-08-17,2019-08-17 23:33:24.998000+00:00,0.9988979872262544,observed_solar_geometry
los_angeles|orbit_10899,los_angeles,0.6260245901639344,0.2338461538461538,11.47052098501257,13.181117146721448,145.5472570625892,2020-06-07,2020-06-07 19:19:19.378000+00:00,6.859000666466231e-06,observed_solar_geometry
los_angeles|orbit_11895,los_angeles,0.7858606557377049,0.7528205128205128,17.53086136213748,75.86904049286346,279.001726686967,2020-08-10,2020-08-11 01:29:54.258000+00:00,0.9998673926537816,observed_solar_geometry
los_angeles|orbit_11956,los_angeles,0.9989754098360656,0.638974358974359,15.981852293794075,57.33735590599672,265.066025665705,2020-08-14,2020-08-14 23:56:18.102000+00:00,1.0,observed_solar_geometry
los_angeles|orbit_12078,los_angeles,0.9948770491803278,0.7466666666666666,12.89079091505204,25.71264291549323,211.7642523513366,2020-08-22,2020-08-22 20:49:04.614000+00:00,0.9980131761402804,observed_solar_geometry
los_angeles|orbit_16516,los_angeles,0.7879098360655737,0.2164102564102564,12.209374348176528,11.759811874917162,193.85230246156243,2021-06-04,2021-06-04 20:03:01.987000+00:00,1.0,observed_solar_geometry
los_angeles|orbit_16577,los_angeles,0.5399590163934426,0.2041025641025641,10.65149262221312,20.973055140585572,116.53264963745907,2021-06-08,2021-06-08 18:30:15.189000+00:00,0.9857481397818608,observed_solar_geometry
los_angeles|orbit_17529,los_angeles,0.7622950819672131,0.8205128205128205,17.9946730067894,81.14015855538553,283.22915753816454,2021-08-08,2021-08-09 01:58:03.912000+00:00,1.0,observed_solar_geometry
los_angeles|orbit_17591,los_angeles,0.9959016393442623,0.757948717948718,16.46159187709839,62.93182027408753,269.9162471845692,2021-08-12,2021-08-13 00:25:30.169000+00:00,0.9999977136664444,observed_solar_geometry
los_angeles|orbit_17652,los_angeles,0.9569672131147541,0.7302564102564102,14.926989767295137,44.76638174327409,253.6385644689372,2021-08-16,2021-08-16 22:52:42.446000+00:00,0.9977045211102892,observed_solar_geometry
los_angeles|orbit_17775,los_angeles,0.9282786885245902,0.4338461538461539,11.893203633763576,23.20430460637023,176.3136868460905,2021-08-24,2021-08-24 19:48:47.341000+00:00,0.9999919978325558,observed_solar_geometry
los_angeles|orbit_22265,los_angeles,0.7725409836065574,0.2933333333333333,17.348786808851955,69.5049807140881,284.5633939157044,2022-06-09,2022-06-10 01:12:20.686000+00:00,0.609545671227521,observed_solar_geometry
los_angeles|orbit_22555,los_angeles,0.9877049180327869,0.6205128205128205,10.071303356891487,27.53026987039418,105.25554219808772,2022-06-28,2022-06-28 17:59:40.943000+00:00,1.0,observed_solar_geometry
los_angeles|orbit_22887,los_angeles,0.9784836065573771,0.88,17.853034979536197,76.76786246208617,286.2505262229014,2022-07-19,2022-07-20 01:49:55.057000+00:00,0.9827839083271698,observed_solar_geometry
los_angeles|orbit_23009,los_angeles,0.9825819672131147,0.8543589743589743,14.607279601880364,37.75494918636485,256.8476294894866,2022-07-27,2022-07-27 22:35:31.095000+00:00,1.0,observed_solar_geometry
los_angeles|orbit_23443,los_angeles,0.9026639344262295,0.6564102564102564,11.420335783196457,24.377454024328557,159.18152884490212,2022-08-24,2022-08-24 19:20:25.175000+00:00,0.9874834669504768,observed_solar_geometry
los_angeles|orbit_23837,los_angeles,0.2827868852459016,0.2133333333333333,17.724919356854834,85.55386594167366,268.98846146677806,2022-09-18,2022-09-19 01:30:00.921000+00:00,1.0,observed_solar_geometry
los_angeles|orbit_27867,los_angeles,0.02663934426229508,0.0871794871794872,10.95166458106582,17.962933857574654,125.285538023769,2023-06-05,2023-06-05 18:47:43.333000+00:00,0.0008642340839747,observed_solar_geometry
los_angeles|orbit_27948,los_angeles,0.06659836065573771,0.081025641025641,16.60949725087436,60.51244258753067,279.29794213579316,2023-06-10,2023-06-11 00:28:10.428000+00:00,0.0,observed_solar_geometry
los_angeles|orbit_28009,los_angeles,0.06967213114754098,0.0594871794871795,14.939105961584856,39.72136354510492,266.26185827555,2023-06-14,2023-06-14 22:48:45.789000+00:00,0.193163176769022,observed_solar_geometry
los_angeles|orbit_28070,los_angeles,0.2387295081967213,0.0543589743589744,13.2928045204749,19.887221947480413,242.95865718483049,2023-06-18,2023-06-18 21:10:49.720000+00:00,0.9796356270212616,observed_solar_geometry
los_angeles|orbit_28569,los_angeles,0.9887295081967213,0.4994871794871794,16.922918033850653,65.59565166141778,279.17158339906837,2023-07-20,2023-07-21 00:54:11.146000+00:00,1.0,observed_solar_geometry
los_angeles|orbit_28630,los_angeles,0.9692622950819673,0.6492307692307693,15.308555644457014,45.99807427480168,265.1761888466604,2023-07-24,2023-07-24 23:17:32.954000+00:00,1.0,observed_solar_geometry
los_angeles|orbit_28691,los_angeles,0.9323770491803278,0.8738461538461538,13.698108787775704,27.230602960798457,242.80803572591552,2023-07-28,2023-07-28 21:40:58.112000+00:00,1.0,observed_solar_geometry
los_angeles|orbit_28833,los_angeles,0.8688524590163934,0.9025641025641026,17.807026372448384,78.48211382690701,282.33519061802707,2023-08-06,2023-08-07 01:47:01.503000+00:00,0.999995427332889,observed_solar_geometry
los_angeles|orbit_28955,los_angeles,0.9385245901639344,0.6030769230769231,14.63883246185518,40.87321953589056,250.9596998752889,2023-08-14,2023-08-14 22:35:48.621000+00:00,0.9986773560381498,observed_solar_geometry
los_angeles|orbit_29016,los_angeles,0.9877049180327869,0.4943589743589743,13.079363716282948,25.693942433429825,219.0332791456861,2023-08-18,2023-08-18 21:01:26.390000+00:00,1.0,observed_solar_geometry
los_angeles|orbit_33730,los_angeles,0.5245901639344263,0.1897435897435897,12.938137335057194,16.142660052905015,232.7267138780024,2024-06-17,2024-06-17 20:49:26.643000+00:00,0.9675763606828364,observed_solar_geometry
los_angeles|orbit_34183,los_angeles,0.8094262295081968,0.8502564102564103,17.56973262756065,73.14292054143218,284.5142796428688,2024-07-16,2024-07-17 01:32:41.161000+00:00,1.0,observed_solar_geometry
los_angeles|orbit_34244,los_angeles,0.9918032786885246,0.9066666666666666,15.949938124490595,53.64026576705402,271.50602702124405,2024-07-20,2024-07-20 23:55:50.942000+00:00,1.0,observed_solar_geometry
los_angeles|orbit_34305,los_angeles,0.9887295081967213,0.9312820512820512,14.325003604439877,34.057074576612536,254.0642915587696,2024-07-24,2024-07-24 22:18:32.294000+00:00,1.0,observed_solar_geometry
los_angeles|orbit_39181,los_angeles,0.017418032786885244,0.1805128205128204,17.86871906808049,75.97334040089646,287.8696543220245,2025-06-03,2025-06-04 01:42:27.585000+00:00,0.4135851653533585,observed_solar_geometry
los_angeles|orbit_39242,los_angeles,0.5317622950819673,0.2441025641025641,16.238889805460904,56.02560746111901,276.353674856051,2025-06-07,2025-06-08 00:05:21.047000+00:00,1.0,observed_solar_geometry
los_angeles|orbit_39304,los_angeles,0.7961065573770492,0.2379487179487179,14.603659135258567,35.612466193565844,262.7137692755403,2025-06-11,2025-06-11 22:28:00.348000+00:00,0.9926963074569912,observed_solar_geometry
los_angeles|orbit_40096,los_angeles,0.6997950819672131,0.5641025641025641,10.791106185612488,22.870838186399183,130.4836170925425,2025-08-01,2025-08-01 18:46:27.549000+00:00,0.9994307029446832,observed_solar_geometry
los_angeles|orbit_40238,los_angeles,0.9395491803278688,0.5692307692307692,14.8599212245058,42.90446472187723,255.00876829278587,2025-08-10,2025-08-10 22:49:43.092000+00:00,1.0,observed_solar_geometry
los_angeles|orbit_40299,los_angeles,0.7786885245901639,0.558974358974359,13.234487075142516,26.08646749539647,224.77528799804085,2025-08-14,2025-08-14 21:11:33.953000+00:00,0.9725651405009128,observed_solar_geometry
los_angeles|orbit_40360,los_angeles,0.9180327868852459,0.5087179487179487,11.63719731065508,21.71068748248271,165.83994841608558,2025-08-18,2025-08-18 19:34:55.523000+00:00,1.0,observed_solar_geometry
los_angeles|orbit_40800,los_angeles,0.9180327868852459,0.3548717948717949,17.07204129553667,76.99311344534965,264.34513361362633,2025-09-15,2025-09-16 00:51:58.459000+00:00,1.0,observed_solar_geometry
los_angeles|orbit_40862,los_angeles,0.8452868852459017,0.2697435897435897,15.455306297502837,58.47371507935257,247.277062231549,2025-09-19,2025-09-19 23:13:29.816000+00:00,0.9994341324450166,observed_solar_geometry
miami|orbit_420,miami,1.0,0.5405128205128205,14.437470498261025,34.90034057325627,263.35483911223747,2018-08-02,2018-08-02 19:53:36.334000+00:00,0.9155031705860608,observed_solar_geometry
miami|orbit_527,miami,1.0,0.6276923076923078,11.611474047346215,11.761098192633824,151.79927921931682,2018-08-09,2018-08-09 17:03:24.984000+00:00,0.8193533710580942,observed_solar_geometry
miami|orbit_716,miami,1.0,0.4841025641025641,15.85806247226817,56.15493531343633,266.96647565512467,2018-08-21,2018-08-21 21:15:52.686000+00:00,0.9522876560411748,observed_solar_geometry
miami|orbit_6122,miami,0.15881147540983606,0.4266666666666666,12.65821995590781,12.889765332473132,227.5552209720979,2019-08-04,2019-08-04 18:06:43.485000+00:00,0.0011843489635169,observed_solar_geometry
miami|orbit_6183,miami,1.0,0.4,10.97990587144788,17.411444687440678,122.4624920970544,2019-08-08,2019-08-08 16:25:38.122000+00:00,0.6861645861176672,observed_solar_geometry
miami|orbit_12214,miami,1.0,0.5169230769230769,10.054035361191897,32.8744295170482,117.64797445805368,2020-08-31,2020-08-31 15:24:42.575000+00:00,0.8565473313049166,observed_solar_geometry
miami|orbit_22885,miami,1.0,0.8502564102564103,17.229802433478437,71.00746702030685,284.34855423559975,2022-07-19,2022-07-19 22:40:56.382000+00:00,1.0,observed_solar_geometry
miami|orbit_22946,miami,1.0,0.8861538461538462,15.609211657496449,49.83158640766304,274.7114762711152,2022-07-23,2022-07-23 21:03:57.937000+00:00,0.9812651064918816,observed_solar_geometry
miami|orbit_23457,miami,1.0,0.9692307692307692,11.655836040771415,16.317535487802672,162.03204429880043,2022-08-25,2022-08-25 17:02:43.701000+00:00,0.8524383655131231,observed_solar_geometry
miami|orbit_27865,miami,0.6762295081967213,0.5569230769230769,10.331411312489198,23.131736852643073,93.61052119840838,2023-06-05,2023-06-05 15:38:54.107000+00:00,0.7416754343560724,observed_solar_geometry
miami|orbit_27962,miami,0.6444672131147541,0.3179487179487179,16.830012471746375,64.9068046928514,284.6513375777226,2023-06-11,2023-06-11 22:10:00.631000+00:00,0.5270267580402082,observed_solar_geometry
miami|orbit_28628,miami,1.0,0.4543589743589743,14.683833678768371,37.441657368657786,268.74503179320135,2023-07-24,2023-07-24 20:08:28.194000+00:00,0.8445318053857309,observed_solar_geometry
miami|orbit_33744,miami,1.0,0.1671794871794871,13.17561833305064,16.120705086714054,263.8840176236596,2024-06-18,2024-06-18 18:32:18.241000+00:00,0.957074814456735,observed_solar_geometry
miami|orbit_34242,miami,1.0,0.7487179487179487,15.325289148022495,45.857067499632066,273.7248409792875,2024-07-20,2024-07-20 20:46:46.183000+00:00,0.7593809537350357,observed_solar_geometry
miami|orbit_40033,miami,1.0,0.755897435897436,11.797464128229883,7.90171081395836,158.72298279715574,2025-07-28,2025-07-28 17:15:21.526000+00:00,0.842407654903745,observed_solar_geometry
miami|orbit_40860,miami,0.8565573770491803,0.121025641025641,14.829685664102303,47.88686472731191,245.50393973676825,2025-09-19,2025-09-19 20:04:25.240000+00:00,0.707401825575113,observed_solar_geometry
minneapolis_st_paul|orbit_437,minneapolis_st_paul,0.6670081967213115,0.7261538461538461,15.94631519054668,56.21589613800135,260.70431812504216,2018-08-03,2018-08-03 22:16:17.754000+00:00,0.2575734776933656,observed_solar_geometry
minneapolis_st_paul|orbit_544,minneapolis_st_paul,0.9918032786885246,0.6307692307692307,13.119158401497534,32.81435367786215,211.08293586344817,2018-08-10,2018-08-10 19:25:56.963000+00:00,0.999940510975725,observed_solar_geometry
minneapolis_st_paul|orbit_590,minneapolis_st_paul,0.992827868852459,0.7743589743589744,12.136041793272977,30.50986987320026,184.07241426327377,2018-08-13,2018-08-13 18:26:29.758000+00:00,0.7560967501495974,observed_solar_geometry
minneapolis_st_paul|orbit_593,minneapolis_st_paul,0.9918032786885246,0.7743589743589744,16.975511128378773,69.05366922143074,269.7654624823899,2018-08-13,2018-08-13 23:16:49.089000+00:00,0.1630751626324943,observed_solar_geometry
minneapolis_st_paul|orbit_853,minneapolis_st_paul,0.49385245901639346,0.6153846153846154,10.366791371347896,41.80450370130436,142.25379780824676,2018-08-30,2018-08-30 16:36:06.462000+00:00,0.9998162838956212,observed_solar_geometry
minneapolis_st_paul|orbit_5177,minneapolis_st_paul,0.8616803278688525,0.0615384615384615,14.821889433540262,41.03174108628936,251.05370378411615,2019-06-04,2019-06-04 21:00:25.245000+00:00,0.0,observed_solar_geometry
minneapolis_st_paul|orbit_5345,minneapolis_st_paul,0.21721311475409835,0.2615384615384615,10.54187055006388,28.085038449494164,133.13289306775744,2019-06-15,2019-06-15 16:45:43.768000+00:00,0.3766600062288507,observed_solar_geometry
minneapolis_st_paul|orbit_5348,minneapolis_st_paul,0.5256147540983607,0.2615384615384615,15.40726220530127,46.464117840036664,259.80379446281813,2019-06-15,2019-06-15 21:37:41.132000+00:00,0.0,observed_solar_geometry
minneapolis_st_paul|orbit_5409,minneapolis_st_paul,0.8381147540983607,0.515897435897436,13.69976129702938,29.83595453460388,232.25208310238676,2019-06-19,2019-06-19 19:56:05.532000+00:00,0.5178921988893049,observed_solar_geometry
minneapolis_st_paul|orbit_5455,minneapolis_st_paul,0.8350409836065574,0.6451282051282051,12.82921639930222,23.76604598493452,209.09971484443292,2019-06-22,2019-06-22 19:04:30.410000+00:00,0.0,observed_solar_geometry
minneapolis_st_paul|orbit_6032,minneapolis_st_paul,0.7991803278688525,0.2594871794871795,16.731470522887637,63.602126919778506,270.51211816734906,2019-07-29,2019-07-29 23:03:36.736000+00:00,0.7840041012433207,observed_solar_geometry
minneapolis_st_paul|orbit_6139,minneapolis_st_paul,0.5112704918032787,0.6133333333333333,14.211887987174851,39.508637705793,235.50065902212103,2019-08-05,2019-08-05 20:32:04.343000+00:00,0.4036925187302942,observed_solar_geometry
minneapolis_st_paul|orbit_6200,minneapolis_st_paul,0.9129098360655737,0.5753846153846154,12.533507461174372,29.98009938301397,195.68592151411747,2019-08-09,2019-08-09 18:50:56.625000+00:00,0.3491708279822372,observed_solar_geometry
minneapolis_st_paul|orbit_6203,minneapolis_st_paul,0.8452868852459017,0.5753846153846154,17.394784476563036,72.61069044689577,275.1078449011052,2019-08-09,2019-08-09 23:42:35.086000+00:00,0.0,observed_solar_geometry
minneapolis_st_paul|orbit_6261,minneapolis_st_paul,0.32581967213114754,0.4584615384615385,10.86561278292306,33.576132928544446,149.36853360644295,2019-08-13,2019-08-13 17:10:16.822000+00:00,0.9994733471674476,observed_solar_geometry
minneapolis_st_paul|orbit_6310,minneapolis_st_paul,0.8657786885245902,0.4984615384615385,14.897434913592743,48.32470421312125,243.6720890635778,2019-08-16,2019-08-16 21:11:35.532000+00:00,0.7811398796921968,observed_solar_geometry
minneapolis_st_paul|orbit_6371,minneapolis_st_paul,0.46209016393442626,0.3179487179487179,13.274176721161052,36.50615651420502,212.68691613826775,2019-08-20,2019-08-20 19:33:19.704000+00:00,1.0,observed_solar_geometry
minneapolis_st_paul|orbit_6432,minneapolis_st_paul,0.6342213114754098,0.1887179487179486,11.651580954774955,34.231108201332454,171.01767739142656,2019-08-24,2019-08-24 17:54:57.502000+00:00,0.4886743395843467,observed_solar_geometry
minneapolis_st_paul|orbit_10853,minneapolis_st_paul,0.9948770491803278,0.2656410256410256,14.018403081700932,33.28042819129842,237.73929209204508,2020-06-04,2020-06-04 20:12:18.295000+00:00,0.375666189588021,observed_solar_geometry
minneapolis_st_paul|orbit_10914,minneapolis_st_paul,1.0,0.243076923076923,12.416200824471492,22.599825141322953,194.8376990104503,2020-06-08,2020-06-08 18:36:53.420000+00:00,1.0,observed_solar_geometry
minneapolis_st_paul|orbit_10917,minneapolis_st_paul,1.0,0.243076923076923,17.28860769854316,66.54902280468762,279.66867632371964,2020-06-08,2020-06-08 23:29:16.761000+00:00,1.0,observed_solar_geometry
minneapolis_st_paul|orbit_10978,minneapolis_st_paul,0.8790983606557377,0.2666666666666667,15.698847460785403,49.58602700802306,263.1948485275353,2020-06-12,2020-06-12 21:54:40.117000+00:00,0.8350911756780874,observed_solar_geometry
minneapolis_st_paul|orbit_11890,minneapolis_st_paul,0.5204918032786885,0.4717948717948718,11.138229885948864,31.609631792217293,155.87070094141723,2020-08-10,2020-08-10 17:27:02.469000+00:00,0.0,observed_solar_geometry
minneapolis_st_paul|orbit_11939,minneapolis_st_paul,0.8452868852459017,0.3487179487179487,15.246700945615029,51.2093661036005,249.25074639047688,2020-08-13,2020-08-13 21:33:02.435000+00:00,0.955192516980617,observed_solar_geometry
minneapolis_st_paul|orbit_12000,minneapolis_st_paul,0.8965163934426229,0.3538461538461538,13.685936219683672,38.5162480807286,222.1281904385212,2020-08-17,2020-08-17 19:58:37.859000+00:00,0.9113718518933256,observed_solar_geometry
minneapolis_st_paul|orbit_16470,minneapolis_st_paul,0.9805327868852459,0.602051282051282,14.719623555068296,40.215774841382725,249.1956145177694,2021-06-01,2021-06-01 20:53:48.655000+00:00,0.7846444830928694,observed_solar_geometry
minneapolis_st_paul|orbit_16531,minneapolis_st_paul,1.0,0.6656410256410257,13.163391327334212,26.45023933003711,218.1168881604148,2021-06-05,2021-06-05 19:21:04.376000+00:00,1.0,observed_solar_geometry
minneapolis_st_paul|orbit_16592,minneapolis_st_paul,0.9948770491803278,0.7394871794871796,11.604356487384576,22.527973537223374,165.3144567121526,2021-06-09,2021-06-09 17:48:15.215000+00:00,0.9972075152134432,observed_solar_geometry
minneapolis_st_paul|orbit_16595,minneapolis_st_paul,0.9979508196721312,0.7394871794871796,16.477033521736814,57.94908702198956,271.5299875832549,2021-06-09,2021-06-09 22:40:39.737000+00:00,0.8452725472150389,observed_solar_geometry
minneapolis_st_paul|orbit_16656,minneapolis_st_paul,1.0,0.7630769230769231,14.907416919074432,41.34011207510498,253.1200909836068,2021-06-13,2021-06-13 21:07:16.526000+00:00,1.0,observed_solar_geometry
minneapolis_st_paul|orbit_16718,minneapolis_st_paul,0.9559426229508197,0.7897435897435897,13.344571808473535,27.03930985436469,223.7537204112839,2021-06-17,2021-06-17 19:34:20.482000+00:00,0.1220189874968068,observed_solar_geometry
minneapolis_st_paul|orbit_16779,minneapolis_st_paul,0.6086065573770492,0.917948717948718,11.780251253962286,21.712472468730425,171.48258285988322,2021-06-21,2021-06-21 18:01:20.690000+00:00,0.5992959299009333,observed_solar_geometry
minneapolis_st_paul|orbit_16840,minneapolis_st_paul,0.9754098360655737,0.964102564102564,10.223714908438884,30.660496570767684,125.84693955222592,2021-06-25,2021-06-25 16:28:48.229000+00:00,0.9999930012912618,observed_solar_geometry
minneapolis_st_paul|orbit_17340,minneapolis_st_paul,0.9569672131147541,0.8441025641025641,16.207684926759388,57.81473663213897,265.1348772537116,2021-07-27,2021-07-27 22:32:11.337000+00:00,0.8861939972075152,observed_solar_geometry
minneapolis_st_paul|orbit_17463,minneapolis_st_paul,0.9764344262295082,0.9046153846153846,13.13044133660645,31.377879161700676,212.5086676478348,2021-08-04,2021-08-04 19:27:16.041000+00:00,0.0656058957122411,observed_solar_geometry
minneapolis_st_paul|orbit_17524,minneapolis_st_paul,0.1885245901639344,0.841025641025641,11.597733888933332,29.474891952826475,168.31451162976123,2021-08-08,2021-08-08 17:54:55.409000+00:00,0.0,observed_solar_geometry
minneapolis_st_paul|orbit_17574,minneapolis_st_paul,0.9938524590163934,0.801025641025641,15.71381580082322,55.446041814665065,255.8952394438059,2021-08-11,2021-08-11 22:01:27.430000+00:00,1.0,observed_solar_geometry
minneapolis_st_paul|orbit_17586,minneapolis_st_paul,0.889344262295082,0.7958974358974359,10.061366847934208,38.86721382946674,131.715662344819,2021-08-12,2021-08-12 16:22:11.212000+00:00,1.0,observed_solar_geometry
minneapolis_st_paul|orbit_17635,minneapolis_st_paul,0.9938524590163934,0.8964102564102564,14.182374581745124,41.78050254073645,232.22493992870577,2021-08-15,2021-08-15 20:28:53.703000+00:00,1.0,observed_solar_geometry
minneapolis_st_paul|orbit_17773,minneapolis_st_paul,0.030737704918032786,0.8246153846153846,10.360780227290885,40.03254239290095,140.79250676731135,2021-08-24,2021-08-24 16:37:31.471000+00:00,0.0,observed_solar_geometry
minneapolis_st_paul|orbit_22137,minneapolis_st_paul,0.8391393442622951,0.3784615384615385,14.196622626737662,35.21548128941709,240.56152696419576,2022-06-01,2022-06-01 20:22:25.215000+00:00,0.0551358274398373,observed_solar_geometry
minneapolis_st_paul|orbit_22248,minneapolis_st_paul,0.9866803278688525,0.4030769230769231,16.62494019491513,59.58080104563487,272.97439459113735,2022-06-08,2022-06-08 22:49:20.408000+00:00,0.9300549048700516,observed_solar_geometry
minneapolis_st_paul|orbit_22306,minneapolis_st_paul,0.16905737704918034,0.7312820512820513,10.14626136628258,31.476471554281567,124.4768511031844,2022-06-12,2022-06-12 16:21:21.490000+00:00,0.0278531111010018,observed_solar_geometry
minneapolis_st_paul|orbit_22370,minneapolis_st_paul,0.9477459016393442,0.6707692307692308,13.379829158188302,27.33215489397238,224.62416273091503,2022-06-16,2022-06-16 19:36:14.295000+00:00,0.7078913940378,observed_solar_geometry
minneapolis_st_paul|orbit_23024,minneapolis_st_paul,0.805327868852459,0.9435897435897436,15.541570082699373,50.95303374106883,257.1233397996041,2022-07-28,2022-07-28 21:52:13.124000+00:00,0.4851049981278454,observed_solar_geometry
minneapolis_st_paul|orbit_23134,minneapolis_st_paul,0.9579918032786885,0.9784615384615384,17.966260699707075,77.66878978475557,281.9148449196364,2022-08-04,2022-08-05 00:17:24.082000+00:00,1.0,observed_solar_geometry
minneapolis_st_paul|orbit_23146,minneapolis_st_paul,0.9918032786885246,0.9815384615384616,12.298437446478822,28.40363880816459,189.14212550620908,2022-08-05,2022-08-05 18:37:16.039000+00:00,0.9011694842301596,observed_solar_geometry
minneapolis_st_paul|orbit_23195,minneapolis_st_paul,0.8114754098360656,0.837948717948718,16.346464381434675,61.37555257578892,264.10341056867867,2022-08-08,2022-08-08 22:39:49.182000+00:00,0.996497146276512,observed_solar_geometry
minneapolis_st_paul|orbit_23319,minneapolis_st_paul,0.8360655737704918,0.7323076923076923,13.117740299358612,34.52732199760632,209.83255342697555,2022-08-16,2022-08-16 19:24:49.942000+00:00,0.7001263266927252,observed_solar_geometry
minneapolis_st_paul|orbit_24021,minneapolis_st_paul,0.8206967213114754,0.803076923076923,14.652831379404155,59.60733292135578,227.7519738516899,2022-09-30,2022-09-30 20:42:03.529000+00:00,0.2060909762148883,observed_solar_geometry
minneapolis_st_paul|orbit_27885,minneapolis_st_paul,0.9385245901639344,0.8605128205128205,16.7405487684448,60.94934925894373,273.9870338143837,2023-06-06,2023-06-06 22:55:54.408000+00:00,0.7234635209803791,observed_solar_geometry
minneapolis_st_paul|orbit_27946,minneapolis_st_paul,0.3801229508196721,0.8841025641025642,15.088951169903712,43.35358782350399,255.40537444700828,2023-06-10,2023-06-10 21:17:33.530000+00:00,0.0448529746261814,observed_solar_geometry
minneapolis_st_paul|orbit_27992,minneapolis_st_paul,0.9979508196721312,0.9651282051282052,14.22695971127214,34.692987900614895,242.39412782569804,2023-06-13,2023-06-13 20:26:26.829000+00:00,0.8094356591208922,observed_solar_geometry
minneapolis_st_paul|orbit_28114,minneapolis_st_paul,0.9938524590163934,0.9969230769230768,10.933713484954126,25.208198993982975,143.31367539357393,2023-06-21,2023-06-21 17:10:32.130000+00:00,0.9984830298809868,observed_solar_geometry
minneapolis_st_paul|orbit_28938,minneapolis_st_paul,0.18237704918032788,0.7046153846153846,13.894307438109468,38.78528375568995,227.4751347193058,2023-08-13,2023-08-13 20:11:58.704000+00:00,3.674322087574843e-05,observed_solar_geometry
minneapolis_st_paul|orbit_28999,minneapolis_st_paul,0.7192622950819673,0.4635897435897436,12.34635334293274,31.963711123615568,189.73393159876144,2023-08-17,2023-08-17 18:38:20.177000+00:00,0.6791144533833507,observed_solar_geometry
minneapolis_st_paul|orbit_29060,minneapolis_st_paul,0.18237704918032788,0.5251282051282051,10.781707883460257,36.41347463969188,149.05710602734496,2023-08-21,2023-08-21 17:03:33.107000+00:00,0.2448935671368632,observed_solar_geometry
minneapolis_st_paul|orbit_33606,minneapolis_st_paul,0.7909836065573771,0.201025641025641,14.674337488040685,39.16916073741372,249.4659338146452,2024-06-09,2024-06-09 20:52:35.793000+00:00,0.5823765515262435,observed_solar_geometry
minneapolis_st_paul|orbit_33667,minneapolis_st_paul,0.9733606557377049,0.1271794871794871,13.030771083822374,25.046413755374417,215.0370331611941,2024-06-13,2024-06-13 19:14:46.591000+00:00,1.0,observed_solar_geometry
minneapolis_st_paul|orbit_34381,minneapolis_st_paul,0.9149590163934426,0.523076923076923,13.629055247866496,33.40276143195186,225.50257986352932,2024-07-29,2024-07-29 19:57:27.375000+00:00,0.9971462765119836,observed_solar_geometry
minneapolis_st_paul|orbit_34430,minneapolis_st_paul,0.17418032786885246,0.3702564102564102,17.687859313164495,74.32758948905624,279.59225465161853,2024-08-01,2024-08-02 00:00:52.484000+00:00,0.4963519230701935,observed_solar_geometry
minneapolis_st_paul|orbit_34613,minneapolis_st_paul,0.9579918032786885,0.2041025641025641,12.90808189540505,32.76541023974336,205.11418601468137,2024-08-13,2024-08-13 19:12:44.364000+00:00,0.9814796670014382,observed_solar_geometry
minneapolis_st_paul|orbit_34674,minneapolis_st_paul,0.15778688524590165,0.1087179487179487,11.293357618371187,33.1038148891738,161.05804799302837,2024-08-17,2024-08-17 17:35:05.816000+00:00,0.387894683430907,observed_solar_geometry
minneapolis_st_paul|orbit_39225,minneapolis_st_paul,0.5881147540983607,0.3958974358974358,15.5262563870615,48.07111006352204,260.6558621948364,2025-06-06,2025-06-06 21:43:02.109000+00:00,0.0643286313675127,observed_solar_geometry
minneapolis_st_paul|orbit_39348,minneapolis_st_paul,0.018442622950819672,0.0584615384615384,12.261534249423836,21.88885931829823,189.3852673934355,2025-06-14,2025-06-14 18:28:42.960000+00:00,0.0013577494952181,observed_solar_geometry
minneapolis_st_paul|orbit_39410,minneapolis_st_paul,0.6813524590163934,0.0564102564102564,10.621641700027489,27.403622733375173,134.92601427181222,2025-06-18,2025-06-18 16:51:09.220000+00:00,0.0242470264236248,observed_solar_geometry
minneapolis_st_paul|orbit_39943,minneapolis_st_paul,0.8288934426229508,0.1148717948717948,15.796604874530226,52.73814197787286,261.3749225336628,2025-07-22,2025-07-22 22:07:22.284000+00:00,0.8971277299338272,observed_solar_geometry
minneapolis_st_paul|orbit_40050,minneapolis_st_paul,0.7233606557377049,0.321025641025641,13.359491188878694,31.41918018970189,219.3680090176706,2025-07-29,2025-07-29 19:41:17.772000+00:00,0.992978545458363,observed_solar_geometry
minneapolis_st_paul|orbit_40114,minneapolis_st_paul,0.7551229508196722,0.3241025641025641,16.599184464857466,62.97502103124502,268.1695293518052,2025-08-02,2025-08-02 22:55:31.749000+00:00,0.2079718791882897,observed_solar_geometry
minneapolis_st_paul|orbit_40175,minneapolis_st_paul,0.5512295081967213,0.3641025641025641,14.969895297373505,46.90916902116203,247.25762874971463,2025-08-06,2025-08-06 21:17:27.324000+00:00,0.2974276246032607,observed_solar_geometry
minneapolis_st_paul|orbit_40939,minneapolis_st_paul,0.6782786885245902,0.3712820512820513,14.780421698384002,58.786124566463585,231.0638171478271,2025-09-24,2025-09-24 20:51:49.611000+00:00,0.9936836653637404,observed_solar_geometry
phoenix|orbit_437,phoenix,0.9795081967213115,0.2656410256410256,14.614482154817576,38.673752711937816,255.2101760699508,2018-08-03,2018-08-03 22:11:05.936000+00:00,0.9608722538206972,observed_solar_geometry
phoenix|orbit_544,phoenix,0.1711065573770492,0.2779487179487179,11.78759877373528,18.312909726570624,170.44330970976011,2018-08-10,2018-08-10 19:20:45.144000+00:00,0.7310375172432539,observed_solar_geometry
phoenix|orbit_717,phoenix,0.6782786885245902,0.2348717948717948,15.244754538056508,49.33707149837995,255.94756625676024,2018-08-21,2018-08-21 22:45:59.908000+00:00,0.837495498066717,observed_solar_geometry
phoenix|orbit_870,phoenix,0.5379098360655737,0.1743589743589744,11.459721362691583,26.11077022393441,161.7611270824459,2018-08-31,2018-08-31 18:56:02.527000+00:00,0.7105766551824897,observed_solar_geometry
phoenix|orbit_5177,phoenix,0.5840163934426229,0.243076923076923,13.489792924685524,22.45203857175555,246.3328271122272,2019-06-04,2019-06-04 20:55:12.245000+00:00,0.9747348106469872,observed_solar_geometry
phoenix|orbit_5426,phoenix,0.9549180327868853,0.4564102564102564,14.824478684350064,38.20230712862999,265.9995527560389,2019-06-20,2019-06-20 22:18:31.623000+00:00,0.9994020073525914,observed_solar_geometry
phoenix|orbit_5594,phoenix,0.9077868852459017,0.6830769230769231,10.539591182535167,21.916129897597617,112.6572243596537,2019-07-01,2019-07-01 18:03:44.852000+00:00,1.0,observed_solar_geometry
phoenix|orbit_6281,phoenix,1.0,0.361025641025641,16.861528967511457,68.14449318345659,272.9743509995283,2019-08-14,2019-08-15 00:24:30.807000+00:00,1.0,observed_solar_geometry
phoenix|orbit_6510,phoenix,0.3483606557377049,0.2943589743589744,11.17850432417928,26.72595611648732,152.28161073542924,2019-08-29,2019-08-29 18:39:48.788000+00:00,1.0,observed_solar_geometry
phoenix|orbit_6902,phoenix,0.006147540983606557,0.1723076923076922,17.37792093167948,82.25193543276835,264.5758344860898,2019-09-23,2019-09-24 00:42:41.174000+00:00,0.0,observed_solar_geometry
phoenix|orbit_11178,phoenix,0.9969262295081968,0.8328205128205128,12.074280420102893,10.183201455400749,185.21010731852863,2020-06-25,2020-06-25 19:34:41.558000+00:00,0.6246491889724719,observed_solar_geometry
phoenix|orbit_11707,phoenix,1.0,0.717948717948718,14.461698327276762,36.19866394630872,254.86184244958005,2020-07-29,2020-07-29 22:02:07.641000+00:00,1.0,observed_solar_geometry
phoenix|orbit_11768,phoenix,0.8299180327868853,0.7353846153846153,12.910720345969164,20.20305574405485,220.89300324189048,2020-08-02,2020-08-02 20:28:54.819000+00:00,1.0,observed_solar_geometry
phoenix|orbit_12032,phoenix,1.0,0.5784615384615385,14.077962251902717,35.451304750594204,240.94351398988556,2020-08-19,2020-08-19 21:36:23.333000+00:00,1.0,observed_solar_geometry
phoenix|orbit_12683,phoenix,0.9733606557377049,0.1979487179487179,13.876700155498444,45.31810897585427,221.45813962868317,2020-09-30,2020-09-30 21:10:06.078000+00:00,1.0,observed_solar_geometry
phoenix|orbit_16470,phoenix,0.9795081967213115,0.5323076923076924,13.40224660542568,21.62706579676309,243.79547912026908,2021-06-01,2021-06-01 20:49:28.807000+00:00,0.9999813127297684,observed_solar_geometry
phoenix|orbit_16531,phoenix,0.9938524590163934,0.5846153846153845,11.84601557490081,11.075592152695918,168.27256892500532,2021-06-05,2021-06-05 19:16:44.527000+00:00,0.9999864092580134,observed_solar_geometry
phoenix|orbit_16592,phoenix,0.7366803278688525,0.6451282051282051,10.286981696325643,24.954390969305702,108.1863747649711,2021-06-09,2021-06-09 17:43:55.366000+00:00,0.6281522027195074,observed_solar_geometry
phoenix|orbit_17463,phoenix,1.0,0.0533333333333333,11.813052955631848,16.66224005884527,170.83039440068546,2021-08-04,2021-08-04 19:22:56.192000+00:00,1.0,observed_solar_geometry
phoenix|orbit_17524,phoenix,0.38729508196721313,0.0369230769230769,10.265897764167788,29.23073747688195,120.5961555803853,2021-08-08,2021-08-08 17:49:43.590000+00:00,1.0,observed_solar_geometry
phoenix|orbit_17544,phoenix,0.21209016393442623,0.0317948717948718,17.63670380878099,77.05085336373294,280.2687573891659,2021-08-09,2021-08-10 01:11:48.820000+00:00,0.0004739771267812,observed_solar_geometry
phoenix|orbit_17729,phoenix,0.5389344262295082,0.002051282051282,13.046317980205002,26.050008579889685,217.40242847188972,2021-08-21,2021-08-21 20:34:06.984000+00:00,0.9999133590198356,observed_solar_geometry
phoenix|orbit_17790,phoenix,0.9211065573770492,0.0338461538461538,11.54349298133315,23.82869136669828,163.44865179590306,2021-08-25,2021-08-25 19:02:53.500000+00:00,1.0,observed_solar_geometry
phoenix|orbit_17851,phoenix,0.6311475409836066,0.0543589743589744,10.047426532737417,36.26071533054386,125.5708391619404,2021-08-29,2021-08-29 17:31:57.869000+00:00,0.877820928383585,observed_solar_geometry
phoenix|orbit_22137,phoenix,0.8872950819672131,0.5517948717948717,12.864802733023192,16.049332508181365,228.22379660938333,2022-06-01,2022-06-01 20:17:13.396000+00:00,0.9998606948946378,observed_solar_geometry
phoenix|orbit_22963,phoenix,0.4354508196721312,0.6133333333333333,15.8396289118662,52.61722916580399,270.1906236972313,2022-07-24,2022-07-24 23:24:45.919000+00:00,0.9832765919855394,observed_solar_geometry
phoenix|orbit_23024,phoenix,0.004098360655737705,0.5015384615384615,14.224185349043177,33.147493407947245,252.1924950068064,2022-07-28,2022-07-28 21:47:53.275000+00:00,0.0391277461793026,observed_solar_geometry
phoenix|orbit_23397,phoenix,0.0942622950819672,0.0307692307692307,12.655972682287,23.42111437273269,205.14493802692652,2022-08-21,2022-08-21 20:10:41.363000+00:00,0.9742914126896758,observed_solar_geometry
phoenix|orbit_23852,phoenix,0.8534836065573771,0.1158974358974359,17.342878039175257,81.05415788095391,265.51460490188356,2022-09-19,2022-09-20 00:42:04.205000+00:00,0.9281015772056076,observed_solar_geometry
phoenix|orbit_27963,phoenix,0.4098360655737705,0.48,16.212344973536723,55.650574304691645,276.7867456670707,2023-06-11,2023-06-11 23:39:53.676000+00:00,0.9281899170285202,observed_solar_geometry
phoenix|orbit_28024,phoenix,0.8186475409836066,0.4964102564102564,14.544543317410197,34.7596827602817,263.0622880560345,2023-06-15,2023-06-15 22:00:38.485000+00:00,0.9200235799373466,observed_solar_geometry
phoenix|orbit_28706,phoenix,1.0,0.9753846153846154,13.324896603268334,23.148229639595897,235.07597035859283,2023-07-29,2023-07-29 20:53:55.753000+00:00,1.0,observed_solar_geometry
phoenix|orbit_28828,phoenix,0.9395491803278688,0.9076923076923076,10.102262194329922,30.59623148716272,116.43654548115688,2023-08-06,2023-08-06 17:40:07.586000+00:00,1.0,observed_solar_geometry
phoenix|orbit_28909,phoenix,0.9549180327868853,0.8553846153846154,15.824353081831548,54.7253039399858,265.1301469701706,2023-08-11,2023-08-11 23:22:47.462000+00:00,0.7375729652960403,observed_solar_geometry
phoenix|orbit_28970,phoenix,0.9989754098360656,0.7384615384615385,14.27822530655253,36.69590816440031,246.07960411434965,2023-08-15,2023-08-15 21:49:20.544000+00:00,0.8030344729170489,observed_solar_geometry
phoenix|orbit_33745,phoenix,0.9129098360655737,0.7158974358974359,12.564878025398356,12.454574091654862,218.1651537157784,2024-06-18,2024-06-18 20:02:36.088000+00:00,1.0,observed_solar_geometry
phoenix|orbit_34381,phoenix,0.9795081967213115,0.8861538461538462,12.295836278974376,15.54062763267106,196.0043196703174,2024-07-29,2024-07-29 19:52:10.832000+00:00,0.9973990717523225,observed_solar_geometry
phoenix|orbit_35159,phoenix,0.36168032786885246,0.3446153846153846,16.64809041752204,72.18063744570297,260.00889290939574,2024-09-17,2024-09-18 00:01:02.274000+00:00,0.5809294708444608,observed_solar_geometry
phoenix|orbit_39176,phoenix,0.10040983606557377,0.2225641025641025,10.148773180534214,26.8927092673309,107.12176227092084,2025-06-03,2025-06-03 17:34:33.440000+00:00,0.998788725120448,observed_solar_geometry
phoenix|orbit_39488,phoenix,0.45184426229508196,0.52,10.117019563097385,26.789515060991235,104.68483465792929,2025-06-23,2025-06-23 17:36:41.421000+00:00,1.0,observed_solar_geometry
phoenix|orbit_40192,phoenix,1.0,0.8287179487179487,16.11027689293273,57.78764777509741,268.67816784951833,2025-08-07,2025-08-07 23:40:28.780000+00:00,0.9064056564668148,observed_solar_geometry
phoenix|orbit_40253,phoenix,1.0,0.7784615384615384,14.481154852828167,38.42122913551305,250.3926769191959,2025-08-11,2025-08-11 22:02:12.385000+00:00,1.0,observed_solar_geometry
phoenix|orbit_40314,phoenix,0.5010245901639344,0.6205128205128205,12.860257569454337,22.99912319405165,214.0241250487311,2025-08-15,2025-08-15 20:24:16.227000+00:00,0.9988821614716056,observed_solar_geometry
phoenix|orbit_40939,phoenix,0.9948770491803278,0.1148717948717948,13.44745944068194,39.93047542453195,215.2005491435692,2025-09-24,2025-09-24 20:46:33.068000+00:00,1.0,observed_solar_geometry
