threshold_deg,city,window_id,physical_passes,clear_domain_pass_equivalents,years_with_passes,morning_10_12_passes,late_afternoon_16_18_passes,high_demand_wet_passes,high_demand_dry_passes,absolute_vpd_overlap_kpa,archive_unresolved_candidates,phenology_pass,fully_resolved_observation_accounting,four_year_minimum,morning_minimum,afternoon_minimum,high_demand_wet_minimum,high_demand_dry_minimum,absolute_vpd_overlap_positive,azimuth_complete,quality_weather_complete_for_all_selected,eligible_city_window
10,atlanta,jun_sep,8,4.518269739410236,4,3,1,0,2,0.0,8,True,False,True,True,False,False,True,False,False,True,False
10,los_angeles,jun_sep,8,7.774469199085924,4,0,3,2,6,0.04336910786713011,8,False,False,True,False,True,True,True,True,False,True,False
10,miami,jun_sep,1,0.741675434356072,1,1,0,0,0,0.0,1,False,False,False,False,False,False,False,False,False,True,False
10,minneapolis_st_paul,jun_sep,18,11.014606305136702,6,6,3,4,5,2.27350819777459,8,True,False,True,True,True,True,True,True,False,True,False
10,phoenix,jun_sep,5,3.568408999789343,3,1,2,2,1,0.0,6,False,False,False,False,False,True,False,False,False,True,False
15,atlanta,jun_sep,24,14.246665377641744,8,7,8,4,7,0.43878664585723004,8,True,False,True,True,True,True,True,True,False,True,False
15,los_angeles,jun_sep,27,23.96740031299906,8,3,7,6,10,2.0415579041106797,8,False,False,True,True,True,True,True,True,False,True,False
15,miami,jun_sep,9,7.733247078226747,5,3,1,0,4,0.0,1,False,False,True,True,False,False,True,False,False,True,False
15,minneapolis_st_paul,jun_sep,48,29.65039000304444,8,13,9,10,11,2.43735416940177,8,True,False,True,True,True,True,True,True,False,True,False
15,phoenix,jun_sep,19,15.383765179159957,8,4,5,5,6,1.8746025493158793,6,False,False,True,True,True,True,True,True,False,True,False
20,atlanta,jun_sep,40,24.416672199745356,8,12,11,7,13,0.43878664585723004,8,True,False,True,True,True,True,True,True,False,True,False
20,los_angeles,jun_sep,48,42.39584893279665,8,8,15,10,12,2.0415579041106797,8,False,False,True,True,True,True,True,True,False,True,False
20,miami,jun_sep,16,12.444243182529076,7,6,2,2,5,0.17599052835885987,1,False,False,True,True,False,True,True,True,False,True,False
20,minneapolis_st_paul,jun_sep,71,41.68933956684992,8,16,12,14,19,2.43735416940177,8,True,False,True,True,True,True,True,True,False,True,False
20,phoenix,jun_sep,44,38.14098016431207,8,13,7,7,13,3.20527211062739,6,False,False,True,True,True,True,True,True,False,True,False
25,atlanta,jun_sep,58,24.416672199745356,8,17,14,7,13,0.43878664585723004,8,True,False,True,True,True,True,True,True,False,False,False
25,los_angeles,jun_sep,70,42.39584893279665,8,14,20,10,12,2.0415579041106797,8,False,False,True,True,True,True,True,True,False,False,False
25,miami,jun_sep,23,12.444243182529076,8,6,4,2,5,0.17599052835885987,1,False,False,True,True,True,True,True,True,False,False,False
25,minneapolis_st_paul,jun_sep,101,41.68933956684992,8,26,20,14,19,2.43735416940177,8,True,False,True,True,True,True,True,True,False,False,False
25,phoenix,jun_sep,74,38.14098016431207,8,22,16,7,13,3.20527211062739,6,False,False,True,True,True,True,True,True,False,False,False
30,atlanta,jun_sep,77,24.416672199745356,8,21,17,7,13,0.43878664585723004,8,True,False,True,True,True,True,True,True,False,False,False
30,los_angeles,jun_sep,94,42.39584893279665,8,20,24,10,12,2.0415579041106797,8,False,False,True,True,True,True,True,True,False,False,False
30,miami,jun_sep,31,12.444243182529076,8,9,5,2,5,0.17599052835885987,1,False,False,True,True,True,True,True,True,False,False,False
30,minneapolis_st_paul,jun_sep,122,41.68933956684992,8,31,23,14,19,2.43735416940177,8,True,False,True,True,True,True,True,True,False,False,False
30,phoenix,jun_sep,89,38.14098016431207,8,26,18,7,13,3.20527211062739,6,False,False,True,True,True,True,True,True,False,False,False
