physical_pass_id,city,orbit,acquisition_utc,source_population,unavailable_source,archive_status,required_l1b_scene_count,unavailable_l1b_scene_count,unavailable_l1b_scene_keys,bound_scope_included,geometry_outcome_known,cloud_weight_known,collection3_live_recovery_status,role
atlanta|orbit_11645|scenes_003-004,atlanta,11645,2020-07-25T22:04:43.579000Z,,d0070_historical_31,,2.0,2.0,11645_003;11645_004,True,False,False,NOT_RECOVERED_NO_COLLECTION3_ORBIT_MATCH,historical_provenance_only_not_v6_2_study_sample
atlanta|orbit_11660|scenes_003-004,atlanta,11660,2020-07-26T21:17:20.137000Z,,d0070_historical_31,,2.0,2.0,11660_003;11660_004,True,False,False,NOT_RECOVERED_NO_COLLECTION3_ORBIT_MATCH,historical_provenance_only_not_v6_2_study_sample
atlanta|orbit_11782|scenes_004-005,atlanta,11782,2020-08-03T18:09:02.437000Z,,d0070_historical_31,,2.0,2.0,11782_004;11782_005,True,False,False,NOT_RECOVERED_NO_COLLECTION3_ORBIT_MATCH,historical_provenance_only_not_v6_2_study_sample
atlanta|orbit_11828|scenes_005-006,atlanta,11828,2020-08-06T17:23:13.253000Z,,d0070_historical_31,,2.0,1.0,11828_006,True,False,False,NOT_RECOVERED_NO_COLLECTION3_ORBIT_MATCH,historical_provenance_only_not_v6_2_study_sample
atlanta|orbit_12031|scenes_007-008,atlanta,12031,2020-08-19T20:03:54.378000Z,,d0070_historical_31,,2.0,2.0,12031_007;12031_008,True,False,False,NOT_RECOVERED_NO_COLLECTION3_ORBIT_MATCH,historical_provenance_only_not_v6_2_study_sample
atlanta|orbit_34720|scenes_008,atlanta,34720,2024-08-20T16:49:04.947000Z,,d0070_historical_31,,1.0,1.0,34720_008,True,False,False,NOT_RECOVERED_NO_COLLECTION3_ORBIT_MATCH,historical_provenance_only_not_v6_2_study_sample
atlanta|orbit_34766|scenes_008-009,atlanta,34766,2024-08-23T15:59:35.239000Z,,d0070_historical_31,,2.0,2.0,34766_008;34766_009,True,False,False,NOT_RECOVERED_NO_COLLECTION3_ORBIT_MATCH,historical_provenance_only_not_v6_2_study_sample
atlanta|orbit_35341|scenes_004-005,atlanta,35341,2024-09-29T17:44:08.905000Z,,d0070_historical_31,,2.0,2.0,35341_004;35341_005,True,False,False,NOT_RECOVERED_NO_COLLECTION3_ORBIT_MATCH,historical_provenance_only_not_v6_2_study_sample
los_angeles|orbit_11056|scenes_007-008,los_angeles,11056,2020-06-17T22:42:37.945000Z,,d0070_historical_31,,2.0,1.0,11056_008,False,False,False,NOT_RECOVERED_NO_COLLECTION3_ORBIT_MATCH,historical_provenance_only_not_v6_2_study_sample
los_angeles|orbit_11117|scenes_006-007,los_angeles,11117,2020-06-21T21:08:29.809000Z,,d0070_historical_31,,2.0,1.0,11117_007,False,False,False,NOT_RECOVERED_NO_COLLECTION3_ORBIT_MATCH,historical_provenance_only_not_v6_2_study_sample
los_angeles|orbit_11163|scenes_010-011,los_angeles,11163,2020-06-24T20:21:47.458000Z,,d0070_historical_31,,2.0,2.0,11163_010;11163_011,False,False,False,NOT_RECOVERED_NO_COLLECTION3_ORBIT_MATCH,historical_provenance_only_not_v6_2_study_sample
los_angeles|orbit_11753|scenes_001,los_angeles,11753,2020-08-01T21:15:57.167000Z,,d0070_historical_31,,1.0,1.0,11753_001,False,False,False,NOT_RECOVERED_NO_COLLECTION3_ORBIT_MATCH,historical_provenance_only_not_v6_2_study_sample
los_angeles|orbit_11799|scenes_001,los_angeles,11799,2020-08-04T20:29:50.442000Z,,d0070_historical_31,,1.0,1.0,11799_001,False,False,False,NOT_RECOVERED_NO_COLLECTION3_ORBIT_MATCH,historical_provenance_only_not_v6_2_study_sample
los_angeles|orbit_12592|scenes_001,los_angeles,12592,2020-09-25T00:15:31.258000Z,,d0070_historical_31,,1.0,1.0,12592_001,False,False,False,NOT_RECOVERED_NO_COLLECTION3_ORBIT_MATCH,historical_provenance_only_not_v6_2_study_sample
los_angeles|orbit_12653|scenes_004,los_angeles,12653,2020-09-28T22:43:29.453000Z,,d0070_historical_31,,1.0,1.0,12653_004,False,False,False,NOT_RECOVERED_NO_COLLECTION3_ORBIT_MATCH,historical_provenance_only_not_v6_2_study_sample
los_angeles|orbit_34737|scenes_011-012,los_angeles,34737,2024-08-21T19:08:20.800000Z,,d0070_historical_31,,2.0,2.0,34737_011;34737_012,False,False,False,NOT_RECOVERED_NO_COLLECTION3_ORBIT_MATCH,historical_provenance_only_not_v6_2_study_sample
miami|orbit_11797|scenes_003-004,miami,11797,2020-08-04T17:20:32.685000Z,,d0070_historical_31,,2.0,1.0,11797_004,False,False,False,NOT_RECOVERED_NO_COLLECTION3_ORBIT_MATCH,historical_provenance_only_not_v6_2_study_sample
minneapolis_st_paul|orbit_11039|scenes_006-007,minneapolis_st_paul,11039,2020-06-16T20:19:58.914000Z,,d0070_historical_31,,2.0,1.0,11039_006,True,False,False,NOT_RECOVERED_NO_COLLECTION3_ORBIT_MATCH,historical_provenance_only_not_v6_2_study_sample
minneapolis_st_paul|orbit_11054|scenes_004,minneapolis_st_paul,11054,2020-06-17T19:31:49.241000Z,,d0070_historical_31,,1.0,1.0,11054_004,True,False,False,NOT_RECOVERED_NO_COLLECTION3_ORBIT_MATCH,historical_provenance_only_not_v6_2_study_sample
minneapolis_st_paul|orbit_11100|scenes_006,minneapolis_st_paul,11100,2020-06-20T18:44:23.375000Z,,d0070_historical_31,,1.0,1.0,11100_006,True,False,False,NOT_RECOVERED_NO_COLLECTION3_ORBIT_MATCH,historical_provenance_only_not_v6_2_study_sample
minneapolis_st_paul|orbit_11161|scenes_006-007,minneapolis_st_paul,11161,2020-06-24T17:10:33.951000Z,,d0070_historical_31,,2.0,1.0,11161_007,True,False,False,NOT_RECOVERED_NO_COLLECTION3_ORBIT_MATCH,historical_provenance_only_not_v6_2_study_sample
minneapolis_st_paul|orbit_11646|scenes_007-008,minneapolis_st_paul,11646,2020-07-25T23:42:07.815000Z,,d0070_historical_31,,2.0,2.0,11646_007;11646_008,True,False,False,NOT_RECOVERED_NO_COLLECTION3_ORBIT_MATCH,historical_provenance_only_not_v6_2_study_sample
minneapolis_st_paul|orbit_11783|scenes_008,minneapolis_st_paul,11783,2020-08-03T19:46:11.136000Z,,d0070_historical_31,,1.0,1.0,11783_008,True,False,False,NOT_RECOVERED_NO_COLLECTION3_ORBIT_MATCH,historical_provenance_only_not_v6_2_study_sample
minneapolis_st_paul|orbit_12683|scenes_009,minneapolis_st_paul,12683,2020-09-30T21:14:25.926000Z,,d0070_historical_31,,1.0,1.0,12683_009,True,False,False,NOT_RECOVERED_NO_COLLECTION3_ORBIT_MATCH,historical_provenance_only_not_v6_2_study_sample
minneapolis_st_paul|orbit_34720|scenes_005,minneapolis_st_paul,34720,2024-08-20T16:46:29.038000Z,,d0070_historical_31,,1.0,1.0,34720_005,True,False,False,NOT_RECOVERED_NO_COLLECTION3_ORBIT_MATCH,historical_provenance_only_not_v6_2_study_sample
phoenix|orbit_11056|scenes_008-009,phoenix,11056,2020-06-17T22:44:21.884000Z,,d0070_historical_31,,2.0,2.0,11056_008;11056_009,False,False,False,NOT_RECOVERED_NO_COLLECTION3_ORBIT_MATCH,historical_provenance_only_not_v6_2_study_sample
phoenix|orbit_11646|scenes_001-002,phoenix,11646,2020-07-25T23:36:55.997000Z,,d0070_historical_31,,2.0,2.0,11646_001;11646_002,False,False,False,NOT_RECOVERED_NO_COLLECTION3_ORBIT_MATCH,historical_provenance_only_not_v6_2_study_sample
phoenix|orbit_12546|scenes_001-002,phoenix,12546,2020-09-22T01:01:55.945000Z,,d0070_historical_31,,2.0,1.0,12546_002,False,False,False,NOT_RECOVERED_NO_COLLECTION3_ORBIT_MATCH,historical_provenance_only_not_v6_2_study_sample
phoenix|orbit_12622|scenes_004,phoenix,12622,2020-09-26T22:42:09.048000Z,,d0070_historical_31,,1.0,1.0,12622_004,False,False,False,NOT_RECOVERED_NO_COLLECTION3_ORBIT_MATCH,historical_provenance_only_not_v6_2_study_sample
phoenix|orbit_34706|scenes_010,phoenix,34706,2024-08-19T19:10:20.022000Z,,d0070_historical_31,,1.0,1.0,34706_010,False,False,False,NOT_RECOVERED_NO_COLLECTION3_ORBIT_MATCH,historical_provenance_only_not_v6_2_study_sample
phoenix|orbit_34767|scenes_010,phoenix,34767,2024-08-23T17:31:57.104000Z,,d0070_historical_31,,1.0,1.0,34767_010,False,False,False,NOT_RECOVERED_NO_COLLECTION3_ORBIT_MATCH,historical_provenance_only_not_v6_2_study_sample
denver_aurora|orbit_11040,denver_aurora,11040,2020-06-16 21:55:38.031000+00:00,new_d0069,d0069_new_pass_archive_status,RESOLVED_UNAVAILABLE,,,,True,,,NOT_RECOVERED_NO_COLLECTION3_ORBIT_MATCH,historical_provenance_only_not_v6_2_study_sample
denver_aurora|orbit_11055,denver_aurora,11055,2020-06-17 21:07:28.357000+00:00,new_d0069,d0069_new_pass_archive_status,RESOLVED_UNAVAILABLE,,,,True,,,NOT_RECOVERED_NO_COLLECTION3_ORBIT_MATCH,historical_provenance_only_not_v6_2_study_sample
denver_aurora|orbit_11162,denver_aurora,11162,2020-06-24 18:46:15.429000+00:00,new_d0069,d0069_new_pass_archive_status,RESOLVED_UNAVAILABLE,,,,True,,,NOT_RECOVERED_NO_COLLECTION3_ORBIT_MATCH,historical_provenance_only_not_v6_2_study_sample
denver_aurora|orbit_11223,denver_aurora,11223,2020-06-28 17:11:31.828000+00:00,new_d0069,d0069_new_pass_archive_status,RESOLVED_UNAVAILABLE,,,,True,,,NOT_RECOVERED_NO_COLLECTION3_ORBIT_MATCH,historical_provenance_only_not_v6_2_study_sample
denver_aurora|orbit_11646,denver_aurora,11646,2020-07-25 23:39:31.906000+00:00,new_d0069,d0069_new_pass_archive_status,RESOLVED_UNAVAILABLE,,,,True,,,NOT_RECOVERED_NO_COLLECTION3_ORBIT_MATCH,historical_provenance_only_not_v6_2_study_sample
denver_aurora|orbit_12561,denver_aurora,12561,2020-09-23 00:16:46.969000+00:00,new_d0069,d0069_new_pass_archive_status,RESOLVED_UNAVAILABLE,,,,True,,,NOT_RECOVERED_NO_COLLECTION3_ORBIT_MATCH,historical_provenance_only_not_v6_2_study_sample
denver_aurora|orbit_12622,denver_aurora,12622,2020-09-26 22:44:44.957000+00:00,new_d0069,d0069_new_pass_archive_status,RESOLVED_UNAVAILABLE,,,,True,,,NOT_RECOVERED_NO_COLLECTION3_ORBIT_MATCH,historical_provenance_only_not_v6_2_study_sample
denver_aurora|orbit_34721,denver_aurora,34721,2024-08-20 18:22:03.428000+00:00,new_d0069,d0069_new_pass_archive_status,RESOLVED_UNAVAILABLE,,,,True,,,NOT_RECOVERED_NO_COLLECTION3_ORBIT_MATCH,historical_provenance_only_not_v6_2_study_sample
denver_aurora|orbit_34736,denver_aurora,34736,2024-08-21 17:33:18.301000+00:00,new_d0069,d0069_new_pass_archive_status,RESOLVED_UNAVAILABLE,,,,True,,,NOT_RECOVERED_NO_COLLECTION3_ORBIT_MATCH,historical_provenance_only_not_v6_2_study_sample
phoenix|orbit_10685,phoenix,10685,2020-05-25 00:03:13.811000+00:00,new_d0069,d0069_new_pass_archive_status,RESOLVED_UNAVAILABLE,,,,True,,,NOT_RECOVERED_NO_COLLECTION3_ORBIT_MATCH,historical_provenance_only_not_v6_2_study_sample
phoenix|orbit_21393,phoenix,21393,2022-04-14 22:51:28.313000+00:00,new_d0069,d0069_new_pass_archive_status,RESOLVED_UNAVAILABLE,,,,True,,,NOT_RECOVERED_NO_COLLECTION3_ORBIT_MATCH,historical_provenance_only_not_v6_2_study_sample
phoenix|orbit_32708,phoenix,32708,2024-04-12 22:41:05.884000+00:00,new_d0069,d0069_new_pass_archive_status,RESOLVED_UNAVAILABLE,,,,True,,,NOT_RECOVERED_NO_COLLECTION3_ORBIT_MATCH,historical_provenance_only_not_v6_2_study_sample
