query_scope,city,city_role,year,window_start,window_end,temporal,bbox_wsen,url,url_sha256,response_updated_utc,response_pages,entry_count,response_sha256s,result,thermal_or_lst_opened
historical_june_september,atlanta,legacy_provenance_city,2018,06-01,09-30,2018-06-01T00:00:00Z/2018-09-30T23:59:59Z,"-84.89893,33.27694,-83.78587,34.38598",https://cmr.earthdata.nasa.gov/search/granules.json?collection_concept_id=C3998139651-LPCLOUD&temporal=2018-06-01T00%3A00%3A00Z%2C2018-09-30T23%3A59%3A59Z&bounding_box=-84.89893%2C33.27694%2C-83.78587%2C34.38598&page_size=2000,ebffedf6c254133dd518a988c035dc98475bad5a62aca6bb5898b988386a45df,2026-08-30T10:09:19.276Z,1,0,a23a1486ba75f6d63d2f588044ad45ae03321f7ea5acbd104f8bd13b19e78a11,NO_ENTRIES,False
historical_june_september,atlanta,legacy_provenance_city,2019,06-01,09-30,2019-06-01T00:00:00Z/2019-09-30T23:59:59Z,"-84.89893,33.27694,-83.78587,34.38598",https://cmr.earthdata.nasa.gov/search/granules.json?collection_concept_id=C3998139651-LPCLOUD&temporal=2019-06-01T00%3A00%3A00Z%2C2019-09-30T23%3A59%3A59Z&bounding_box=-84.89893%2C33.27694%2C-83.78587%2C34.38598&page_size=2000,f55d671ab76e076c9b9b595f4d2a3ed0ef2137b6b386e851271da422bdadccc1,2026-08-30T10:09:19.298Z,1,5,7664df61e01db45fa30ee3c644b8ffc6d907389fdfd4b6284e0f958c7505e5da,ENTRIES_PRESENT,False
historical_june_september,atlanta,legacy_provenance_city,2020,06-01,09-30,2020-06-01T00:00:00Z/2020-09-30T23:59:59Z,"-84.89893,33.27694,-83.78587,34.38598",https://cmr.earthdata.nasa.gov/search/granules.json?collection_concept_id=C3998139651-LPCLOUD&temporal=2020-06-01T00%3A00%3A00Z%2C2020-09-30T23%3A59%3A59Z&bounding_box=-84.89893%2C33.27694%2C-83.78587%2C34.38598&page_size=2000,838cf8f73de61dbea81eafadd6bccbdf7cef7d9b0b44a7120f027a146a10361d,2026-08-30T10:09:19.505Z,1,0,4e5812a912f9bc9707ec31175b0d951ea9dd6569dd6d3b709963ce3401ab682c,NO_ENTRIES,False
historical_june_september,atlanta,legacy_provenance_city,2021,06-01,09-30,2021-06-01T00:00:00Z/2021-09-30T23:59:59Z,"-84.89893,33.27694,-83.78587,34.38598",https://cmr.earthdata.nasa.gov/search/granules.json?collection_concept_id=C3998139651-LPCLOUD&temporal=2021-06-01T00%3A00%3A00Z%2C2021-09-30T23%3A59%3A59Z&bounding_box=-84.89893%2C33.27694%2C-83.78587%2C34.38598&page_size=2000,5614c11e50603b616de8779c80a8ccb417497213b4e92c98ed8ebc73ff75f297,2026-08-30T10:09:20.111Z,1,0,a05192b959cdfd3fe8d6fc268865ed69cb81d003813ebf3a98925c0093c202ae,NO_ENTRIES,False
historical_june_september,atlanta,legacy_provenance_city,2022,06-01,09-30,2022-06-01T00:00:00Z/2022-09-30T23:59:59Z,"-84.89893,33.27694,-83.78587,34.38598",https://cmr.earthdata.nasa.gov/search/granules.json?collection_concept_id=C3998139651-LPCLOUD&temporal=2022-06-01T00%3A00%3A00Z%2C2022-09-30T23%3A59%3A59Z&bounding_box=-84.89893%2C33.27694%2C-83.78587%2C34.38598&page_size=2000,d320a003f1ae73a00022a58bfc8c28b14b0c60e6213d2e264b495ccbd43e8bf0,2026-08-30T10:09:20.196Z,1,0,2494eb14a0e01476518102ee9a28bd551c071a6d77cd76e5a0ba9916f0bc38a3,NO_ENTRIES,False
historical_june_september,atlanta,legacy_provenance_city,2023,06-01,09-30,2023-06-01T00:00:00Z/2023-09-30T23:59:59Z,"-84.89893,33.27694,-83.78587,34.38598",https://cmr.earthdata.nasa.gov/search/granules.json?collection_concept_id=C3998139651-LPCLOUD&temporal=2023-06-01T00%3A00%3A00Z%2C2023-09-30T23%3A59%3A59Z&bounding_box=-84.89893%2C33.27694%2C-83.78587%2C34.38598&page_size=2000,fd037c24d3deb920358e622ae9f20f545ab0a9db701afa57e18735fd15f3c568,2026-08-30T10:09:20.491Z,1,0,f64da8d1e1f8225e573f5bc8de0926d25c993bd78501cc31096ad03253c1a114,NO_ENTRIES,False
historical_june_september,atlanta,legacy_provenance_city,2024,06-01,09-30,2024-06-01T00:00:00Z/2024-09-30T23:59:59Z,"-84.89893,33.27694,-83.78587,34.38598",https://cmr.earthdata.nasa.gov/search/granules.json?collection_concept_id=C3998139651-LPCLOUD&temporal=2024-06-01T00%3A00%3A00Z%2C2024-09-30T23%3A59%3A59Z&bounding_box=-84.89893%2C33.27694%2C-83.78587%2C34.38598&page_size=2000,5a69dcb531c848d2bcc0ebd6725865d9a326ae3380d1de2e60c575042726a122,2026-08-30T10:09:20.687Z,1,0,25e2a7047f9c082c81844f10a1f016baad0a94c94df86f2cc14c177071091906,NO_ENTRIES,False
historical_june_september,atlanta,legacy_provenance_city,2025,06-01,09-30,2025-06-01T00:00:00Z/2025-09-30T23:59:59Z,"-84.89893,33.27694,-83.78587,34.38598",https://cmr.earthdata.nasa.gov/search/granules.json?collection_concept_id=C3998139651-LPCLOUD&temporal=2025-06-01T00%3A00%3A00Z%2C2025-09-30T23%3A59%3A59Z&bounding_box=-84.89893%2C33.27694%2C-83.78587%2C34.38598&page_size=2000,2977876094dfcc73b64e4a5e3bd868b033ca175c0a84581b31242e779e4e48c6,2026-08-30T10:09:20.772Z,1,0,6a1576dd3043dbbed2c5fcd081a6df348bc83c12e4e7feb0f717e68966777f72,NO_ENTRIES,False
historical_june_september,los_angeles,v6_2_gate_A,2018,06-01,09-30,2018-06-01T00:00:00Z/2018-09-30T23:59:59Z,"-118.91591,33.564,-117.44495,34.33349",https://cmr.earthdata.nasa.gov/search/granules.json?collection_concept_id=C3998139651-LPCLOUD&temporal=2018-06-01T00%3A00%3A00Z%2C2018-09-30T23%3A59%3A59Z&bounding_box=-118.91591%2C33.564%2C-117.44495%2C34.33349&page_size=2000,151c138e3b14444d6b40f6b0ea68f64dedf065960f8b22c2101194e3ca9bec40,2026-08-30T10:09:17.900Z,1,0,d097fd7edeb5cabbf11ffa405bd036a84eac8c866b07586b49e806bd666fb5af,NO_ENTRIES,False
historical_june_september,los_angeles,v6_2_gate_A,2019,06-01,09-30,2019-06-01T00:00:00Z/2019-09-30T23:59:59Z,"-118.91591,33.564,-117.44495,34.33349",https://cmr.earthdata.nasa.gov/search/granules.json?collection_concept_id=C3998139651-LPCLOUD&temporal=2019-06-01T00%3A00%3A00Z%2C2019-09-30T23%3A59%3A59Z&bounding_box=-118.91591%2C33.564%2C-117.44495%2C34.33349&page_size=2000,88e96bf09993d281b5dff14a0aeaa7251f7abe84b931f4f653c55a45f0ba5d5a,2026-08-30T10:09:17.948Z,1,4,ed92c0bc4759df07576679470cf3b0a85f350c2c1a9dc19a3ed85e1149e5657f,ENTRIES_PRESENT,False
historical_june_september,los_angeles,v6_2_gate_A,2020,06-01,09-30,2020-06-01T00:00:00Z/2020-09-30T23:59:59Z,"-118.91591,33.564,-117.44495,34.33349",https://cmr.earthdata.nasa.gov/search/granules.json?collection_concept_id=C3998139651-LPCLOUD&temporal=2020-06-01T00%3A00%3A00Z%2C2020-09-30T23%3A59%3A59Z&bounding_box=-118.91591%2C33.564%2C-117.44495%2C34.33349&page_size=2000,0be5e87c917b929615e8f53cfd440cc0af4a26a3ec9c228cd84682c54011b9a6,2026-08-30T10:09:17.983Z,1,0,7cd8075dd2819d9b4783c490474fc35d63092ad549cb255bed2dc89740f6ddd7,NO_ENTRIES,False
historical_june_september,los_angeles,v6_2_gate_A,2021,06-01,09-30,2021-06-01T00:00:00Z/2021-09-30T23:59:59Z,"-118.91591,33.564,-117.44495,34.33349",https://cmr.earthdata.nasa.gov/search/granules.json?collection_concept_id=C3998139651-LPCLOUD&temporal=2021-06-01T00%3A00%3A00Z%2C2021-09-30T23%3A59%3A59Z&bounding_box=-118.91591%2C33.564%2C-117.44495%2C34.33349&page_size=2000,56ff7e810ea2349e8b2d27842d9656c2d6102bb9557139e047a4506634a52172,2026-08-30T10:09:17.927Z,1,0,2d649c3aaf1ba5dd97bb2c066de2b9a0a91fa8995f9b9b3f4db6c08acbfe0094,NO_ENTRIES,False
historical_june_september,los_angeles,v6_2_gate_A,2022,06-01,09-30,2022-06-01T00:00:00Z/2022-09-30T23:59:59Z,"-118.91591,33.564,-117.44495,34.33349",https://cmr.earthdata.nasa.gov/search/granules.json?collection_concept_id=C3998139651-LPCLOUD&temporal=2022-06-01T00%3A00%3A00Z%2C2022-09-30T23%3A59%3A59Z&bounding_box=-118.91591%2C33.564%2C-117.44495%2C34.33349&page_size=2000,0174ebc4cb2b0cda0218d5312be21752b76f4256ea03c69947581489b0f152e5,2026-08-30T10:09:18.833Z,1,0,49f217ddae63891e22fd71c9495f89fab340e6e51833d39b551f1e308b8c88f5,NO_ENTRIES,False
historical_june_september,los_angeles,v6_2_gate_A,2023,06-01,09-30,2023-06-01T00:00:00Z/2023-09-30T23:59:59Z,"-118.91591,33.564,-117.44495,34.33349",https://cmr.earthdata.nasa.gov/search/granules.json?collection_concept_id=C3998139651-LPCLOUD&temporal=2023-06-01T00%3A00%3A00Z%2C2023-09-30T23%3A59%3A59Z&bounding_box=-118.91591%2C33.564%2C-117.44495%2C34.33349&page_size=2000,08292cbdf521dfeb49d5c76a91ae2137ee4a984008631df433f11fce2f2be8f9,2026-08-30T10:09:18.623Z,1,0,c154e11fa41df178254d94e4058760e45a932c960033ab39d25c78123080160a,NO_ENTRIES,False
historical_june_september,los_angeles,v6_2_gate_A,2024,06-01,09-30,2024-06-01T00:00:00Z/2024-09-30T23:59:59Z,"-118.91591,33.564,-117.44495,34.33349",https://cmr.earthdata.nasa.gov/search/granules.json?collection_concept_id=C3998139651-LPCLOUD&temporal=2024-06-01T00%3A00%3A00Z%2C2024-09-30T23%3A59%3A59Z&bounding_box=-118.91591%2C33.564%2C-117.44495%2C34.33349&page_size=2000,64263abfc7233185172cc741abda0d016dd5dc634267c9b11235dbe99d5fa56e,2026-08-30T10:09:18.642Z,1,0,98ae260ab85cbeaeed8b71bc5cdb996749a006aeb8c11eea39653d6411b3168d,NO_ENTRIES,False
historical_june_september,los_angeles,v6_2_gate_A,2025,06-01,09-30,2025-06-01T00:00:00Z/2025-09-30T23:59:59Z,"-118.91591,33.564,-117.44495,34.33349",https://cmr.earthdata.nasa.gov/search/granules.json?collection_concept_id=C3998139651-LPCLOUD&temporal=2025-06-01T00%3A00%3A00Z%2C2025-09-30T23%3A59%3A59Z&bounding_box=-118.91591%2C33.564%2C-117.44495%2C34.33349&page_size=2000,1e4ef030359a9bf204d0697fd31231c7b94e55ef123d0b25d9dee6721ac0ec0f,2026-08-30T10:09:19.138Z,1,0,edca181f75478d9f7b4bd864e6ef416a3d5497f3d29ae0d68fc6ec74f24230ff,NO_ENTRIES,False
historical_june_september,miami,legacy_provenance_city,2018,06-01,09-30,2018-06-01T00:00:00Z/2018-09-30T23:59:59Z,"-80.52613,25.41116,-80.03116,26.99423",https://cmr.earthdata.nasa.gov/search/granules.json?collection_concept_id=C3998139651-LPCLOUD&temporal=2018-06-01T00%3A00%3A00Z%2C2018-09-30T23%3A59%3A59Z&bounding_box=-80.52613%2C25.41116%2C-80.03116%2C26.99423&page_size=2000,928965e8bd818b770ef1b7d65e2028ee5ee3356a2f4a724e3b9695ca14ab8cf9,2026-08-30T10:09:22.592Z,1,0,da86fa7f31590c673d7e4f6f760eae220bffa9c29e16fd5d157dee858d1158ac,NO_ENTRIES,False
historical_june_september,miami,legacy_provenance_city,2019,06-01,09-30,2019-06-01T00:00:00Z/2019-09-30T23:59:59Z,"-80.52613,25.41116,-80.03116,26.99423",https://cmr.earthdata.nasa.gov/search/granules.json?collection_concept_id=C3998139651-LPCLOUD&temporal=2019-06-01T00%3A00%3A00Z%2C2019-09-30T23%3A59%3A59Z&bounding_box=-80.52613%2C25.41116%2C-80.03116%2C26.99423&page_size=2000,41652991cc382360bdebb06977585803a8928611e51fe06e20d25cbe95ec2a07,2026-08-30T10:09:22.723Z,1,0,81997a931a4f9f9870f21236fa5f08f7c56f9cf6a696abfcb1f963ed023e8dc3,NO_ENTRIES,False
historical_june_september,miami,legacy_provenance_city,2020,06-01,09-30,2020-06-01T00:00:00Z/2020-09-30T23:59:59Z,"-80.52613,25.41116,-80.03116,26.99423",https://cmr.earthdata.nasa.gov/search/granules.json?collection_concept_id=C3998139651-LPCLOUD&temporal=2020-06-01T00%3A00%3A00Z%2C2020-09-30T23%3A59%3A59Z&bounding_box=-80.52613%2C25.41116%2C-80.03116%2C26.99423&page_size=2000,15e35c509b1113c50a18873060c4c4a694f4475fe1d2daa396cc97f5f8101b59,2026-08-30T10:09:22.719Z,1,0,33541f649b850880f81e3ece24a63857464c469b875c2fd12317a347c1d59242,NO_ENTRIES,False
historical_june_september,miami,legacy_provenance_city,2021,06-01,09-30,2021-06-01T00:00:00Z/2021-09-30T23:59:59Z,"-80.52613,25.41116,-80.03116,26.99423",https://cmr.earthdata.nasa.gov/search/granules.json?collection_concept_id=C3998139651-LPCLOUD&temporal=2021-06-01T00%3A00%3A00Z%2C2021-09-30T23%3A59%3A59Z&bounding_box=-80.52613%2C25.41116%2C-80.03116%2C26.99423&page_size=2000,f1523c0c0be58c4ca68b6482ac90442c1d57a7bd1f81d8cf85dce0365e97b0ec,2026-08-30T10:09:23.099Z,1,0,9818af5b5346846d9fe0eaf648229ca8bf82d381f88975375c291581075e36f2,NO_ENTRIES,False
historical_june_september,miami,legacy_provenance_city,2022,06-01,09-30,2022-06-01T00:00:00Z/2022-09-30T23:59:59Z,"-80.52613,25.41116,-80.03116,26.99423",https://cmr.earthdata.nasa.gov/search/granules.json?collection_concept_id=C3998139651-LPCLOUD&temporal=2022-06-01T00%3A00%3A00Z%2C2022-09-30T23%3A59%3A59Z&bounding_box=-80.52613%2C25.41116%2C-80.03116%2C26.99423&page_size=2000,1d4da24a235c1e293995203b20850a7e8d3a42eb44e4c0ac1477eccca37b437b,2026-08-30T10:09:23.466Z,1,0,0af001457d814e5dc4e249df538fd8e13c2bea83474c5c3b3dac8826d8ad5803,NO_ENTRIES,False
historical_june_september,miami,legacy_provenance_city,2023,06-01,09-30,2023-06-01T00:00:00Z/2023-09-30T23:59:59Z,"-80.52613,25.41116,-80.03116,26.99423",https://cmr.earthdata.nasa.gov/search/granules.json?collection_concept_id=C3998139651-LPCLOUD&temporal=2023-06-01T00%3A00%3A00Z%2C2023-09-30T23%3A59%3A59Z&bounding_box=-80.52613%2C25.41116%2C-80.03116%2C26.99423&page_size=2000,101af7ea8fc2a6b237159a2374f716eb744444d1259364280501f2d83361a159,2026-08-30T10:09:23.605Z,1,0,367c934d3f0044ff371781d951bb77d8b4ce95dde0601a770f72a6b26953562f,NO_ENTRIES,False
historical_june_september,miami,legacy_provenance_city,2024,06-01,09-30,2024-06-01T00:00:00Z/2024-09-30T23:59:59Z,"-80.52613,25.41116,-80.03116,26.99423",https://cmr.earthdata.nasa.gov/search/granules.json?collection_concept_id=C3998139651-LPCLOUD&temporal=2024-06-01T00%3A00%3A00Z%2C2024-09-30T23%3A59%3A59Z&bounding_box=-80.52613%2C25.41116%2C-80.03116%2C26.99423&page_size=2000,55e306e54f57aebc7d0af4a065e7c8e46aba06f5d5d215ba8a80d3403c97e29e,2026-08-30T10:09:23.757Z,1,0,5546f54db6ac736a03365379ceebddfe036d3155b97e87af4e5e594a3535414e,NO_ENTRIES,False
historical_june_september,miami,legacy_provenance_city,2025,06-01,09-30,2025-06-01T00:00:00Z/2025-09-30T23:59:59Z,"-80.52613,25.41116,-80.03116,26.99423",https://cmr.earthdata.nasa.gov/search/granules.json?collection_concept_id=C3998139651-LPCLOUD&temporal=2025-06-01T00%3A00%3A00Z%2C2025-09-30T23%3A59%3A59Z&bounding_box=-80.52613%2C25.41116%2C-80.03116%2C26.99423&page_size=2000,cabb9300dd8c52b86864075b2823f87f8b9abe74115fce1aafce014742ba50af,2026-08-30T10:09:23.950Z,1,0,13447e183546db980f4ac608abc1a6dde5922b025f3d6c9b3d2a0856089aaaff,NO_ENTRIES,False
historical_june_september,minneapolis_st_paul,legacy_provenance_city,2018,06-01,09-30,2018-06-01T00:00:00Z/2018-09-30T23:59:59Z,"-93.70678,44.59457,-92.86252,45.36454",https://cmr.earthdata.nasa.gov/search/granules.json?collection_concept_id=C3998139651-LPCLOUD&temporal=2018-06-01T00%3A00%3A00Z%2C2018-09-30T23%3A59%3A59Z&bounding_box=-93.70678%2C44.59457%2C-92.86252%2C45.36454&page_size=2000,7ba5ff1fd5de2001b1bd85360fd2d33400d76f589fa43d2c9f2d6f2ef28f225f,2026-08-30T10:09:20.863Z,1,0,3ece5b050bf352b2366786800481106198b6ec2c452b26327064fd76b6deb789,NO_ENTRIES,False
historical_june_september,minneapolis_st_paul,legacy_provenance_city,2019,06-01,09-30,2019-06-01T00:00:00Z/2019-09-30T23:59:59Z,"-93.70678,44.59457,-92.86252,45.36454",https://cmr.earthdata.nasa.gov/search/granules.json?collection_concept_id=C3998139651-LPCLOUD&temporal=2019-06-01T00%3A00%3A00Z%2C2019-09-30T23%3A59%3A59Z&bounding_box=-93.70678%2C44.59457%2C-92.86252%2C45.36454&page_size=2000,792263ebc1eae95c6ed9bcf55f0b3a09a03d1f0d8f0aaa7a2db0f562a7fc7ffd,2026-08-30T10:09:21.168Z,1,9,1d96c474f05bae46aed8a9878b9a4569ffcd5bfdf3871893c25493b247021c5b,ENTRIES_PRESENT,False
historical_june_september,minneapolis_st_paul,legacy_provenance_city,2020,06-01,09-30,2020-06-01T00:00:00Z/2020-09-30T23:59:59Z,"-93.70678,44.59457,-92.86252,45.36454",https://cmr.earthdata.nasa.gov/search/granules.json?collection_concept_id=C3998139651-LPCLOUD&temporal=2020-06-01T00%3A00%3A00Z%2C2020-09-30T23%3A59%3A59Z&bounding_box=-93.70678%2C44.59457%2C-92.86252%2C45.36454&page_size=2000,bdfc577fa0bb25e0b9b4ad94e03d9811c0205276cdaef88e31ef3ea40a8228da,2026-08-30T10:09:21.428Z,1,0,c5ed3f2c4edaec6c4426b1f828403e15846fb6f598d357dcc04b6715adbb88b4,NO_ENTRIES,False
historical_june_september,minneapolis_st_paul,legacy_provenance_city,2021,06-01,09-30,2021-06-01T00:00:00Z/2021-09-30T23:59:59Z,"-93.70678,44.59457,-92.86252,45.36454",https://cmr.earthdata.nasa.gov/search/granules.json?collection_concept_id=C3998139651-LPCLOUD&temporal=2021-06-01T00%3A00%3A00Z%2C2021-09-30T23%3A59%3A59Z&bounding_box=-93.70678%2C44.59457%2C-92.86252%2C45.36454&page_size=2000,0fa9dff29389e019a6895db433f3eb2f55f0e07d1b13f2cfe99f7e47fad72415,2026-08-30T10:09:21.435Z,1,0,da726c7d456f8d87c350a1e33733a15c383652c476f5e9540ed898dc6428835b,NO_ENTRIES,False
historical_june_september,minneapolis_st_paul,legacy_provenance_city,2022,06-01,09-30,2022-06-01T00:00:00Z/2022-09-30T23:59:59Z,"-93.70678,44.59457,-92.86252,45.36454",https://cmr.earthdata.nasa.gov/search/granules.json?collection_concept_id=C3998139651-LPCLOUD&temporal=2022-06-01T00%3A00%3A00Z%2C2022-09-30T23%3A59%3A59Z&bounding_box=-93.70678%2C44.59457%2C-92.86252%2C45.36454&page_size=2000,65e438989711e98babbd0eb91df3a0db34198e12ce10787b7884197b54976591,2026-08-30T10:09:21.599Z,1,0,f9d0f3af215033bb51483f8c8ec085fb0589c27d508deda0c903caae88ad5e66,NO_ENTRIES,False
historical_june_september,minneapolis_st_paul,legacy_provenance_city,2023,06-01,09-30,2023-06-01T00:00:00Z/2023-09-30T23:59:59Z,"-93.70678,44.59457,-92.86252,45.36454",https://cmr.earthdata.nasa.gov/search/granules.json?collection_concept_id=C3998139651-LPCLOUD&temporal=2023-06-01T00%3A00%3A00Z%2C2023-09-30T23%3A59%3A59Z&bounding_box=-93.70678%2C44.59457%2C-92.86252%2C45.36454&page_size=2000,459245450a27aaefa183c4a7becc2cfde7032ca3f4a37c00bf4b1381314ca1a4,2026-08-30T10:09:22.063Z,1,0,68a65dd4e880be01e7b77e0fe97164890f7a54cca376c03f7876c4fe0deb34a1,NO_ENTRIES,False
historical_june_september,minneapolis_st_paul,legacy_provenance_city,2024,06-01,09-30,2024-06-01T00:00:00Z/2024-09-30T23:59:59Z,"-93.70678,44.59457,-92.86252,45.36454",https://cmr.earthdata.nasa.gov/search/granules.json?collection_concept_id=C3998139651-LPCLOUD&temporal=2024-06-01T00%3A00%3A00Z%2C2024-09-30T23%3A59%3A59Z&bounding_box=-93.70678%2C44.59457%2C-92.86252%2C45.36454&page_size=2000,792cb1ba4b6d81e9ac88dc93d7191dcb92f8e7994014b2183631f45a9ce37d2e,2026-08-30T10:09:22.077Z,1,0,07c5f2e083e7fea53a633d59be2d53a3be2b9409791ebb7ca140132f8d3ee033,NO_ENTRIES,False
historical_june_september,minneapolis_st_paul,legacy_provenance_city,2025,06-01,09-30,2025-06-01T00:00:00Z/2025-09-30T23:59:59Z,"-93.70678,44.59457,-92.86252,45.36454",https://cmr.earthdata.nasa.gov/search/granules.json?collection_concept_id=C3998139651-LPCLOUD&temporal=2025-06-01T00%3A00%3A00Z%2C2025-09-30T23%3A59%3A59Z&bounding_box=-93.70678%2C44.59457%2C-92.86252%2C45.36454&page_size=2000,67faa484dbf60f6f229950ada9ce8e3a3780945f85fb1d85ea09a9a6007c3771,2026-08-30T10:09:22.489Z,1,0,98b2e5a6fe5c1c9178691da77d5e204ecbe08675bad49aa8cc1e3966ee66ad78,NO_ENTRIES,False
historical_june_september,phoenix,v6_2_gate_A,2018,06-01,09-30,2018-06-01T00:00:00Z/2018-09-30T23:59:59Z,"-112.46039,33.11814,-111.46917,33.89293",https://cmr.earthdata.nasa.gov/search/granules.json?collection_concept_id=C3998139651-LPCLOUD&temporal=2018-06-01T00%3A00%3A00Z%2C2018-09-30T23%3A59%3A59Z&bounding_box=-112.46039%2C33.11814%2C-111.46917%2C33.89293&page_size=2000,72352ee8e87555c6a0a6d4dbfeb2a1e7b8e88be5447208f4d820980a6543020e,2026-08-30T10:09:16.513Z,1,0,eb74d19d5950f7b0b640d85377737c9ef82487f1a445907991c63eeba284f5b3,NO_ENTRIES,False
historical_june_september,phoenix,v6_2_gate_A,2019,06-01,09-30,2019-06-01T00:00:00Z/2019-09-30T23:59:59Z,"-112.46039,33.11814,-111.46917,33.89293",https://cmr.earthdata.nasa.gov/search/granules.json?collection_concept_id=C3998139651-LPCLOUD&temporal=2019-06-01T00%3A00%3A00Z%2C2019-09-30T23%3A59%3A59Z&bounding_box=-112.46039%2C33.11814%2C-111.46917%2C33.89293&page_size=2000,017d91a24fba07c68e094af399ba0834b168950f4e2c53e4c80e38487cd59ec4,2026-08-30T10:09:16.523Z,1,0,80f8b5af20a185e644c0332f282d5dc9bddcfae8c7e036fcadc91e39f7420ef6,NO_ENTRIES,False
historical_june_september,phoenix,v6_2_gate_A,2020,06-01,09-30,2020-06-01T00:00:00Z/2020-09-30T23:59:59Z,"-112.46039,33.11814,-111.46917,33.89293",https://cmr.earthdata.nasa.gov/search/granules.json?collection_concept_id=C3998139651-LPCLOUD&temporal=2020-06-01T00%3A00%3A00Z%2C2020-09-30T23%3A59%3A59Z&bounding_box=-112.46039%2C33.11814%2C-111.46917%2C33.89293&page_size=2000,6c8f46d7f8a4ad2aa0827758be8d6fd5c2807dcaec93baa38284766c7c0d2f12,2026-08-30T10:09:16.528Z,1,0,d043edb0018460813c9a3d77a0d42452b5020a81b94de836b7fb18709b78794e,NO_ENTRIES,False
historical_june_september,phoenix,v6_2_gate_A,2021,06-01,09-30,2021-06-01T00:00:00Z/2021-09-30T23:59:59Z,"-112.46039,33.11814,-111.46917,33.89293",https://cmr.earthdata.nasa.gov/search/granules.json?collection_concept_id=C3998139651-LPCLOUD&temporal=2021-06-01T00%3A00%3A00Z%2C2021-09-30T23%3A59%3A59Z&bounding_box=-112.46039%2C33.11814%2C-111.46917%2C33.89293&page_size=2000,a4988ea1b860d6d3d86fd240988c67d081e349e60d658cdc857ecd5518c33afe,2026-08-30T10:09:16.609Z,1,0,14654ad0b083d8371f1b8c732ee873a4398b64cd859e4c6ad008a3771bbf0da8,NO_ENTRIES,False
historical_june_september,phoenix,v6_2_gate_A,2022,06-01,09-30,2022-06-01T00:00:00Z/2022-09-30T23:59:59Z,"-112.46039,33.11814,-111.46917,33.89293",https://cmr.earthdata.nasa.gov/search/granules.json?collection_concept_id=C3998139651-LPCLOUD&temporal=2022-06-01T00%3A00%3A00Z%2C2022-09-30T23%3A59%3A59Z&bounding_box=-112.46039%2C33.11814%2C-111.46917%2C33.89293&page_size=2000,129f1d158afabcacd8abe82d09d533f10849f4f065c0ce265e216486feedf005,2026-08-30T10:09:17.333Z,1,0,478181d7c764528fb74f2109fa923370698ff96bcc2c469aef7b751d5738855c,NO_ENTRIES,False
historical_june_september,phoenix,v6_2_gate_A,2023,06-01,09-30,2023-06-01T00:00:00Z/2023-09-30T23:59:59Z,"-112.46039,33.11814,-111.46917,33.89293",https://cmr.earthdata.nasa.gov/search/granules.json?collection_concept_id=C3998139651-LPCLOUD&temporal=2023-06-01T00%3A00%3A00Z%2C2023-09-30T23%3A59%3A59Z&bounding_box=-112.46039%2C33.11814%2C-111.46917%2C33.89293&page_size=2000,2a47010f8bbcf5a24b35a4c616895641d60f29367cf022d66c4f5eb731316b6a,2026-08-30T10:09:17.335Z,1,0,3686636f30996948d04601272ef86206be1ef77e80c12bd3aa29fff010da9d18,NO_ENTRIES,False
historical_june_september,phoenix,v6_2_gate_A,2024,06-01,09-30,2024-06-01T00:00:00Z/2024-09-30T23:59:59Z,"-112.46039,33.11814,-111.46917,33.89293",https://cmr.earthdata.nasa.gov/search/granules.json?collection_concept_id=C3998139651-LPCLOUD&temporal=2024-06-01T00%3A00%3A00Z%2C2024-09-30T23%3A59%3A59Z&bounding_box=-112.46039%2C33.11814%2C-111.46917%2C33.89293&page_size=2000,4e9b0292787032d6f034e48b1e799fe25fb9e85a340ae5a3f4e4963269c3f4e3,2026-08-30T10:09:17.285Z,1,0,72e9208a7ef464036f11414bb623042011191f3d17c9be4945465b24a8ca5b08,NO_ENTRIES,False
historical_june_september,phoenix,v6_2_gate_A,2025,06-01,09-30,2025-06-01T00:00:00Z/2025-09-30T23:59:59Z,"-112.46039,33.11814,-111.46917,33.89293",https://cmr.earthdata.nasa.gov/search/granules.json?collection_concept_id=C3998139651-LPCLOUD&temporal=2025-06-01T00%3A00%3A00Z%2C2025-09-30T23%3A59%3A59Z&bounding_box=-112.46039%2C33.11814%2C-111.46917%2C33.89293&page_size=2000,adf8db71978cb436ba34a8c993a395a3eaf28a43ce6fbf94d6cf6fd4c274793d,2026-08-30T10:09:17.335Z,1,0,0e714e77aed9958db94b707729426609736d85c3dbc9d0dffefaa72358d14be8,NO_ENTRIES,False
v6_2_primary_windows,los_angeles,v6_2_gate_A,2018,06-01,09-30,2018-06-01T00:00:00Z/2018-09-30T23:59:59Z,"-118.91591,33.564,-117.44495,34.33349",https://cmr.earthdata.nasa.gov/search/granules.json?collection_concept_id=C3998139651-LPCLOUD&temporal=2018-06-01T00%3A00%3A00Z%2C2018-09-30T23%3A59%3A59Z&bounding_box=-118.91591%2C33.564%2C-117.44495%2C34.33349&page_size=2000,151c138e3b14444d6b40f6b0ea68f64dedf065960f8b22c2101194e3ca9bec40,2026-08-30T10:09:17.900Z,1,0,d097fd7edeb5cabbf11ffa405bd036a84eac8c866b07586b49e806bd666fb5af,NO_ENTRIES,False
v6_2_primary_windows,los_angeles,v6_2_gate_A,2019,06-01,09-30,2019-06-01T00:00:00Z/2019-09-30T23:59:59Z,"-118.91591,33.564,-117.44495,34.33349",https://cmr.earthdata.nasa.gov/search/granules.json?collection_concept_id=C3998139651-LPCLOUD&temporal=2019-06-01T00%3A00%3A00Z%2C2019-09-30T23%3A59%3A59Z&bounding_box=-118.91591%2C33.564%2C-117.44495%2C34.33349&page_size=2000,88e96bf09993d281b5dff14a0aeaa7251f7abe84b931f4f653c55a45f0ba5d5a,2026-08-30T10:09:17.948Z,1,4,ed92c0bc4759df07576679470cf3b0a85f350c2c1a9dc19a3ed85e1149e5657f,ENTRIES_PRESENT,False
v6_2_primary_windows,los_angeles,v6_2_gate_A,2020,06-01,09-30,2020-06-01T00:00:00Z/2020-09-30T23:59:59Z,"-118.91591,33.564,-117.44495,34.33349",https://cmr.earthdata.nasa.gov/search/granules.json?collection_concept_id=C3998139651-LPCLOUD&temporal=2020-06-01T00%3A00%3A00Z%2C2020-09-30T23%3A59%3A59Z&bounding_box=-118.91591%2C33.564%2C-117.44495%2C34.33349&page_size=2000,0be5e87c917b929615e8f53cfd440cc0af4a26a3ec9c228cd84682c54011b9a6,2026-08-30T10:09:17.983Z,1,0,7cd8075dd2819d9b4783c490474fc35d63092ad549cb255bed2dc89740f6ddd7,NO_ENTRIES,False
v6_2_primary_windows,los_angeles,v6_2_gate_A,2021,06-01,09-30,2021-06-01T00:00:00Z/2021-09-30T23:59:59Z,"-118.91591,33.564,-117.44495,34.33349",https://cmr.earthdata.nasa.gov/search/granules.json?collection_concept_id=C3998139651-LPCLOUD&temporal=2021-06-01T00%3A00%3A00Z%2C2021-09-30T23%3A59%3A59Z&bounding_box=-118.91591%2C33.564%2C-117.44495%2C34.33349&page_size=2000,56ff7e810ea2349e8b2d27842d9656c2d6102bb9557139e047a4506634a52172,2026-08-30T10:09:17.927Z,1,0,2d649c3aaf1ba5dd97bb2c066de2b9a0a91fa8995f9b9b3f4db6c08acbfe0094,NO_ENTRIES,False
v6_2_primary_windows,los_angeles,v6_2_gate_A,2022,06-01,09-30,2022-06-01T00:00:00Z/2022-09-30T23:59:59Z,"-118.91591,33.564,-117.44495,34.33349",https://cmr.earthdata.nasa.gov/search/granules.json?collection_concept_id=C3998139651-LPCLOUD&temporal=2022-06-01T00%3A00%3A00Z%2C2022-09-30T23%3A59%3A59Z&bounding_box=-118.91591%2C33.564%2C-117.44495%2C34.33349&page_size=2000,0174ebc4cb2b0cda0218d5312be21752b76f4256ea03c69947581489b0f152e5,2026-08-30T10:09:18.833Z,1,0,49f217ddae63891e22fd71c9495f89fab340e6e51833d39b551f1e308b8c88f5,NO_ENTRIES,False
v6_2_primary_windows,los_angeles,v6_2_gate_A,2023,06-01,09-30,2023-06-01T00:00:00Z/2023-09-30T23:59:59Z,"-118.91591,33.564,-117.44495,34.33349",https://cmr.earthdata.nasa.gov/search/granules.json?collection_concept_id=C3998139651-LPCLOUD&temporal=2023-06-01T00%3A00%3A00Z%2C2023-09-30T23%3A59%3A59Z&bounding_box=-118.91591%2C33.564%2C-117.44495%2C34.33349&page_size=2000,08292cbdf521dfeb49d5c76a91ae2137ee4a984008631df433f11fce2f2be8f9,2026-08-30T10:09:18.623Z,1,0,c154e11fa41df178254d94e4058760e45a932c960033ab39d25c78123080160a,NO_ENTRIES,False
v6_2_primary_windows,los_angeles,v6_2_gate_A,2024,06-01,09-30,2024-06-01T00:00:00Z/2024-09-30T23:59:59Z,"-118.91591,33.564,-117.44495,34.33349",https://cmr.earthdata.nasa.gov/search/granules.json?collection_concept_id=C3998139651-LPCLOUD&temporal=2024-06-01T00%3A00%3A00Z%2C2024-09-30T23%3A59%3A59Z&bounding_box=-118.91591%2C33.564%2C-117.44495%2C34.33349&page_size=2000,64263abfc7233185172cc741abda0d016dd5dc634267c9b11235dbe99d5fa56e,2026-08-30T10:09:18.642Z,1,0,98ae260ab85cbeaeed8b71bc5cdb996749a006aeb8c11eea39653d6411b3168d,NO_ENTRIES,False
v6_2_primary_windows,los_angeles,v6_2_gate_A,2025,06-01,09-30,2025-06-01T00:00:00Z/2025-09-30T23:59:59Z,"-118.91591,33.564,-117.44495,34.33349",https://cmr.earthdata.nasa.gov/search/granules.json?collection_concept_id=C3998139651-LPCLOUD&temporal=2025-06-01T00%3A00%3A00Z%2C2025-09-30T23%3A59%3A59Z&bounding_box=-118.91591%2C33.564%2C-117.44495%2C34.33349&page_size=2000,1e4ef030359a9bf204d0697fd31231c7b94e55ef123d0b25d9dee6721ac0ec0f,2026-08-30T10:09:19.138Z,1,0,edca181f75478d9f7b4bd864e6ef416a3d5497f3d29ae0d68fc6ec74f24230ff,NO_ENTRIES,False
v6_2_primary_windows,phoenix,v6_2_gate_A,2018,05-15,07-10,2018-05-15T00:00:00Z/2018-07-10T23:59:59Z,"-112.46039,33.11814,-111.46917,33.89293",https://cmr.earthdata.nasa.gov/search/granules.json?collection_concept_id=C3998139651-LPCLOUD&temporal=2018-05-15T00%3A00%3A00Z%2C2018-07-10T23%3A59%3A59Z&bounding_box=-112.46039%2C33.11814%2C-111.46917%2C33.89293&page_size=2000,162da9c8468bfddff1000879918bc86e618ef12433fd88861b56ac816face920,2026-08-30T10:09:24.173Z,1,0,e0680086b0e36096a017a75478c214f07245019d2e8a8a53966e44274a1060de,NO_ENTRIES,False
v6_2_primary_windows,phoenix,v6_2_gate_A,2019,05-15,07-10,2019-05-15T00:00:00Z/2019-07-10T23:59:59Z,"-112.46039,33.11814,-111.46917,33.89293",https://cmr.earthdata.nasa.gov/search/granules.json?collection_concept_id=C3998139651-LPCLOUD&temporal=2019-05-15T00%3A00%3A00Z%2C2019-07-10T23%3A59%3A59Z&bounding_box=-112.46039%2C33.11814%2C-111.46917%2C33.89293&page_size=2000,c172b0a05216efac60bf0cc81d9703d24719891a51858607d6f5274b805a8e75,2026-08-30T10:09:24.222Z,1,0,e7ea66dbd64497219cd32bee6670c3b268ea4f11234d2b25937bf438dbc1dbc0,NO_ENTRIES,False
v6_2_primary_windows,phoenix,v6_2_gate_A,2020,05-15,07-10,2020-05-15T00:00:00Z/2020-07-10T23:59:59Z,"-112.46039,33.11814,-111.46917,33.89293",https://cmr.earthdata.nasa.gov/search/granules.json?collection_concept_id=C3998139651-LPCLOUD&temporal=2020-05-15T00%3A00%3A00Z%2C2020-07-10T23%3A59%3A59Z&bounding_box=-112.46039%2C33.11814%2C-111.46917%2C33.89293&page_size=2000,88f0124bd332645e19641300222a3fa149e1b3ebbb70bb3f6b53cdd5e3839ec4,2026-08-30T10:09:24.391Z,1,0,612239316d521f1d20f7850ba419eca647ad1c145073f25cfa308d81e0943184,NO_ENTRIES,False
v6_2_primary_windows,phoenix,v6_2_gate_A,2021,05-15,07-10,2021-05-15T00:00:00Z/2021-07-10T23:59:59Z,"-112.46039,33.11814,-111.46917,33.89293",https://cmr.earthdata.nasa.gov/search/granules.json?collection_concept_id=C3998139651-LPCLOUD&temporal=2021-05-15T00%3A00%3A00Z%2C2021-07-10T23%3A59%3A59Z&bounding_box=-112.46039%2C33.11814%2C-111.46917%2C33.89293&page_size=2000,93febc460349bb00f83faa90b8475de632cf8512faee97eff13523470d83042d,2026-08-30T10:09:24.577Z,1,0,f84e5d2a8c1492b679edfffe8a71416c4ea92ad18c585adb49053da4bb739acf,NO_ENTRIES,False
v6_2_primary_windows,phoenix,v6_2_gate_A,2022,05-15,07-10,2022-05-15T00:00:00Z/2022-07-10T23:59:59Z,"-112.46039,33.11814,-111.46917,33.89293",https://cmr.earthdata.nasa.gov/search/granules.json?collection_concept_id=C3998139651-LPCLOUD&temporal=2022-05-15T00%3A00%3A00Z%2C2022-07-10T23%3A59%3A59Z&bounding_box=-112.46039%2C33.11814%2C-111.46917%2C33.89293&page_size=2000,e9995f06f02aa0bf204465839cf4cc589804801609c3752428d0ad0ba12e89b0,2026-08-30T10:09:24.786Z,1,0,53adf374d91b0c3e1b062f62ab1299751d94e31bc45599f7611e1a962410fab2,NO_ENTRIES,False
v6_2_primary_windows,phoenix,v6_2_gate_A,2023,05-15,07-10,2023-05-15T00:00:00Z/2023-07-10T23:59:59Z,"-112.46039,33.11814,-111.46917,33.89293",https://cmr.earthdata.nasa.gov/search/granules.json?collection_concept_id=C3998139651-LPCLOUD&temporal=2023-05-15T00%3A00%3A00Z%2C2023-07-10T23%3A59%3A59Z&bounding_box=-112.46039%2C33.11814%2C-111.46917%2C33.89293&page_size=2000,a6cf4a0090ec6ac458c7a23172870868591a60968dc52355b843e311e4db1d45,2026-08-30T10:09:25.152Z,1,0,ef2cc05d5ffe0dd92b9b7d355d3ec80e56e9fd6fe08c6dee1546ccc78109770c,NO_ENTRIES,False
v6_2_primary_windows,phoenix,v6_2_gate_A,2024,05-15,07-10,2024-05-15T00:00:00Z/2024-07-10T23:59:59Z,"-112.46039,33.11814,-111.46917,33.89293",https://cmr.earthdata.nasa.gov/search/granules.json?collection_concept_id=C3998139651-LPCLOUD&temporal=2024-05-15T00%3A00%3A00Z%2C2024-07-10T23%3A59%3A59Z&bounding_box=-112.46039%2C33.11814%2C-111.46917%2C33.89293&page_size=2000,7d3656f5282a0a1622e82be4c210b950f8ce1a3717b3f80f5818c15595294a9f,2026-08-30T10:09:25.253Z,1,0,12986379d1a1594204e623bd4a36ff0e099ec6a1c6ad9b4f16525fb45cdea64e,NO_ENTRIES,False
v6_2_primary_windows,phoenix,v6_2_gate_A,2025,05-15,07-10,2025-05-15T00:00:00Z/2025-07-10T23:59:59Z,"-112.46039,33.11814,-111.46917,33.89293",https://cmr.earthdata.nasa.gov/search/granules.json?collection_concept_id=C3998139651-LPCLOUD&temporal=2025-05-15T00%3A00%3A00Z%2C2025-07-10T23%3A59%3A59Z&bounding_box=-112.46039%2C33.11814%2C-111.46917%2C33.89293&page_size=2000,f902c050a4b242c23414a812bef274070997c9897f194e01edd1e489219fa40a,2026-08-30T10:09:25.274Z,1,0,4993fba75ac5fe57f3d9a3baaaf6281f5fed48ed8f44a167cc923ded927bc68a,NO_ENTRIES,False
v6_2_sensitivity_windows,los_angeles,v6_2_gate_A,2018,05-15,07-10,2018-05-15T00:00:00Z/2018-07-10T23:59:59Z,"-118.91591,33.564,-117.44495,34.33349",https://cmr.earthdata.nasa.gov/search/granules.json?collection_concept_id=C3998139651-LPCLOUD&temporal=2018-05-15T00%3A00%3A00Z%2C2018-07-10T23%3A59%3A59Z&bounding_box=-118.91591%2C33.564%2C-117.44495%2C34.33349&page_size=2000,b2ca0d4726151d9040158010219b3aae84d64f102cd7acd8f1953b0b49a51b27,2026-08-30T10:09:25.427Z,1,0,19185e6a31ba39716ed714234fc5a9912c21dea1ae171194f1ee0f88a344c015,NO_ENTRIES,False
v6_2_sensitivity_windows,los_angeles,v6_2_gate_A,2019,05-15,07-10,2019-05-15T00:00:00Z/2019-07-10T23:59:59Z,"-118.91591,33.564,-117.44495,34.33349",https://cmr.earthdata.nasa.gov/search/granules.json?collection_concept_id=C3998139651-LPCLOUD&temporal=2019-05-15T00%3A00%3A00Z%2C2019-07-10T23%3A59%3A59Z&bounding_box=-118.91591%2C33.564%2C-117.44495%2C34.33349&page_size=2000,681cba786ea23e4ab598b0b895c9dbda406a948b1c877360e3f8f69b3bc21245,2026-08-30T10:09:25.741Z,1,0,8d2d74318fd8a4694d8746a92d20fc7296915bca745c75e87cbb48828448756d,NO_ENTRIES,False
v6_2_sensitivity_windows,los_angeles,v6_2_gate_A,2020,05-15,07-10,2020-05-15T00:00:00Z/2020-07-10T23:59:59Z,"-118.91591,33.564,-117.44495,34.33349",https://cmr.earthdata.nasa.gov/search/granules.json?collection_concept_id=C3998139651-LPCLOUD&temporal=2020-05-15T00%3A00%3A00Z%2C2020-07-10T23%3A59%3A59Z&bounding_box=-118.91591%2C33.564%2C-117.44495%2C34.33349&page_size=2000,5eb23406756c88fabc3a4a909c5d476bc6abc1e0785436f6c80db2c84b67c5e1,2026-08-30T10:09:25.980Z,1,0,a593e3b8e3f20dccdd13a0cc8432d2ac639be9b33998c88115dd6152eba8de13,NO_ENTRIES,False
v6_2_sensitivity_windows,los_angeles,v6_2_gate_A,2021,05-15,07-10,2021-05-15T00:00:00Z/2021-07-10T23:59:59Z,"-118.91591,33.564,-117.44495,34.33349",https://cmr.earthdata.nasa.gov/search/granules.json?collection_concept_id=C3998139651-LPCLOUD&temporal=2021-05-15T00%3A00%3A00Z%2C2021-07-10T23%3A59%3A59Z&bounding_box=-118.91591%2C33.564%2C-117.44495%2C34.33349&page_size=2000,2cf8d4a80827be22fafc9d13e7a2c5cc430ec83ed6862e11744c4f6e2e388991,2026-08-30T10:09:25.980Z,1,0,3a9db9232d7c9dd64115da8f71475e498fa605956570fae7c3d74d50b2a4e439,NO_ENTRIES,False
v6_2_sensitivity_windows,los_angeles,v6_2_gate_A,2022,05-15,07-10,2022-05-15T00:00:00Z/2022-07-10T23:59:59Z,"-118.91591,33.564,-117.44495,34.33349",https://cmr.earthdata.nasa.gov/search/granules.json?collection_concept_id=C3998139651-LPCLOUD&temporal=2022-05-15T00%3A00%3A00Z%2C2022-07-10T23%3A59%3A59Z&bounding_box=-118.91591%2C33.564%2C-117.44495%2C34.33349&page_size=2000,9cd1d3966274dc149cce2b709d04b22bb1e9d9663528293555b4a0cafa20437a,2026-08-30T10:09:26.354Z,1,0,0077cffec7ab942f989aa83f09c5a7e57dd457f1560f8c0fbf1f777d34e0772a,NO_ENTRIES,False
v6_2_sensitivity_windows,los_angeles,v6_2_gate_A,2023,05-15,07-10,2023-05-15T00:00:00Z/2023-07-10T23:59:59Z,"-118.91591,33.564,-117.44495,34.33349",https://cmr.earthdata.nasa.gov/search/granules.json?collection_concept_id=C3998139651-LPCLOUD&temporal=2023-05-15T00%3A00%3A00Z%2C2023-07-10T23%3A59%3A59Z&bounding_box=-118.91591%2C33.564%2C-117.44495%2C34.33349&page_size=2000,ba1cc3cc734e95c9dbedd3d577449a8beaa8a09c3d05ce0af116649baf92c29e,2026-08-30T10:09:26.415Z,1,0,3b3604c831fbca0f2e7af47d56033d8a26c5ed7149586dbcd4a32e1330eef70a,NO_ENTRIES,False
v6_2_sensitivity_windows,los_angeles,v6_2_gate_A,2024,05-15,07-10,2024-05-15T00:00:00Z/2024-07-10T23:59:59Z,"-118.91591,33.564,-117.44495,34.33349",https://cmr.earthdata.nasa.gov/search/granules.json?collection_concept_id=C3998139651-LPCLOUD&temporal=2024-05-15T00%3A00%3A00Z%2C2024-07-10T23%3A59%3A59Z&bounding_box=-118.91591%2C33.564%2C-117.44495%2C34.33349&page_size=2000,7d8bde8363f0acd2d11480f028952b05316d2a186738606b0389ecce67aeefa0,2026-08-30T10:09:26.619Z,1,0,e1c64ba1e3a94e77781a8e54521a61011caabcaf5d19e8399aecbf141331495b,NO_ENTRIES,False
v6_2_sensitivity_windows,los_angeles,v6_2_gate_A,2025,05-15,07-10,2025-05-15T00:00:00Z/2025-07-10T23:59:59Z,"-118.91591,33.564,-117.44495,34.33349",https://cmr.earthdata.nasa.gov/search/granules.json?collection_concept_id=C3998139651-LPCLOUD&temporal=2025-05-15T00%3A00%3A00Z%2C2025-07-10T23%3A59%3A59Z&bounding_box=-118.91591%2C33.564%2C-117.44495%2C34.33349&page_size=2000,9ed2d28d8b5870fa7313b814c0ca01166e0f89fcb5567ce1f98e25fdb1defe66,2026-08-30T10:09:26.638Z,1,0,2a6e9eace30eb692e87b28ab80fa617e67b21d3910d7948a9c1a988f8dfeed1d,NO_ENTRIES,False
v6_2_sensitivity_windows,phoenix,v6_2_gate_A,2018,06-01,09-30,2018-06-01T00:00:00Z/2018-09-30T23:59:59Z,"-112.46039,33.11814,-111.46917,33.89293",https://cmr.earthdata.nasa.gov/search/granules.json?collection_concept_id=C3998139651-LPCLOUD&temporal=2018-06-01T00%3A00%3A00Z%2C2018-09-30T23%3A59%3A59Z&bounding_box=-112.46039%2C33.11814%2C-111.46917%2C33.89293&page_size=2000,72352ee8e87555c6a0a6d4dbfeb2a1e7b8e88be5447208f4d820980a6543020e,2026-08-30T10:09:16.513Z,1,0,eb74d19d5950f7b0b640d85377737c9ef82487f1a445907991c63eeba284f5b3,NO_ENTRIES,False
v6_2_sensitivity_windows,phoenix,v6_2_gate_A,2019,06-01,09-30,2019-06-01T00:00:00Z/2019-09-30T23:59:59Z,"-112.46039,33.11814,-111.46917,33.89293",https://cmr.earthdata.nasa.gov/search/granules.json?collection_concept_id=C3998139651-LPCLOUD&temporal=2019-06-01T00%3A00%3A00Z%2C2019-09-30T23%3A59%3A59Z&bounding_box=-112.46039%2C33.11814%2C-111.46917%2C33.89293&page_size=2000,017d91a24fba07c68e094af399ba0834b168950f4e2c53e4c80e38487cd59ec4,2026-08-30T10:09:16.523Z,1,0,80f8b5af20a185e644c0332f282d5dc9bddcfae8c7e036fcadc91e39f7420ef6,NO_ENTRIES,False
v6_2_sensitivity_windows,phoenix,v6_2_gate_A,2020,06-01,09-30,2020-06-01T00:00:00Z/2020-09-30T23:59:59Z,"-112.46039,33.11814,-111.46917,33.89293",https://cmr.earthdata.nasa.gov/search/granules.json?collection_concept_id=C3998139651-LPCLOUD&temporal=2020-06-01T00%3A00%3A00Z%2C2020-09-30T23%3A59%3A59Z&bounding_box=-112.46039%2C33.11814%2C-111.46917%2C33.89293&page_size=2000,6c8f46d7f8a4ad2aa0827758be8d6fd5c2807dcaec93baa38284766c7c0d2f12,2026-08-30T10:09:16.528Z,1,0,d043edb0018460813c9a3d77a0d42452b5020a81b94de836b7fb18709b78794e,NO_ENTRIES,False
v6_2_sensitivity_windows,phoenix,v6_2_gate_A,2021,06-01,09-30,2021-06-01T00:00:00Z/2021-09-30T23:59:59Z,"-112.46039,33.11814,-111.46917,33.89293",https://cmr.earthdata.nasa.gov/search/granules.json?collection_concept_id=C3998139651-LPCLOUD&temporal=2021-06-01T00%3A00%3A00Z%2C2021-09-30T23%3A59%3A59Z&bounding_box=-112.46039%2C33.11814%2C-111.46917%2C33.89293&page_size=2000,a4988ea1b860d6d3d86fd240988c67d081e349e60d658cdc857ecd5518c33afe,2026-08-30T10:09:16.609Z,1,0,14654ad0b083d8371f1b8c732ee873a4398b64cd859e4c6ad008a3771bbf0da8,NO_ENTRIES,False
v6_2_sensitivity_windows,phoenix,v6_2_gate_A,2022,06-01,09-30,2022-06-01T00:00:00Z/2022-09-30T23:59:59Z,"-112.46039,33.11814,-111.46917,33.89293",https://cmr.earthdata.nasa.gov/search/granules.json?collection_concept_id=C3998139651-LPCLOUD&temporal=2022-06-01T00%3A00%3A00Z%2C2022-09-30T23%3A59%3A59Z&bounding_box=-112.46039%2C33.11814%2C-111.46917%2C33.89293&page_size=2000,129f1d158afabcacd8abe82d09d533f10849f4f065c0ce265e216486feedf005,2026-08-30T10:09:17.333Z,1,0,478181d7c764528fb74f2109fa923370698ff96bcc2c469aef7b751d5738855c,NO_ENTRIES,False
v6_2_sensitivity_windows,phoenix,v6_2_gate_A,2023,06-01,09-30,2023-06-01T00:00:00Z/2023-09-30T23:59:59Z,"-112.46039,33.11814,-111.46917,33.89293",https://cmr.earthdata.nasa.gov/search/granules.json?collection_concept_id=C3998139651-LPCLOUD&temporal=2023-06-01T00%3A00%3A00Z%2C2023-09-30T23%3A59%3A59Z&bounding_box=-112.46039%2C33.11814%2C-111.46917%2C33.89293&page_size=2000,2a47010f8bbcf5a24b35a4c616895641d60f29367cf022d66c4f5eb731316b6a,2026-08-30T10:09:17.335Z,1,0,3686636f30996948d04601272ef86206be1ef77e80c12bd3aa29fff010da9d18,NO_ENTRIES,False
v6_2_sensitivity_windows,phoenix,v6_2_gate_A,2024,06-01,09-30,2024-06-01T00:00:00Z/2024-09-30T23:59:59Z,"-112.46039,33.11814,-111.46917,33.89293",https://cmr.earthdata.nasa.gov/search/granules.json?collection_concept_id=C3998139651-LPCLOUD&temporal=2024-06-01T00%3A00%3A00Z%2C2024-09-30T23%3A59%3A59Z&bounding_box=-112.46039%2C33.11814%2C-111.46917%2C33.89293&page_size=2000,4e9b0292787032d6f034e48b1e799fe25fb9e85a340ae5a3f4e4963269c3f4e3,2026-08-30T10:09:17.285Z,1,0,72e9208a7ef464036f11414bb623042011191f3d17c9be4945465b24a8ca5b08,NO_ENTRIES,False
v6_2_sensitivity_windows,phoenix,v6_2_gate_A,2025,06-01,09-30,2025-06-01T00:00:00Z/2025-09-30T23:59:59Z,"-112.46039,33.11814,-111.46917,33.89293",https://cmr.earthdata.nasa.gov/search/granules.json?collection_concept_id=C3998139651-LPCLOUD&temporal=2025-06-01T00%3A00%3A00Z%2C2025-09-30T23%3A59%3A59Z&bounding_box=-112.46039%2C33.11814%2C-111.46917%2C33.89293&page_size=2000,adf8db71978cb436ba34a8c993a395a3eaf28a43ce6fbf94d6cf6fd4c274793d,2026-08-30T10:09:17.335Z,1,0,0e714e77aed9958db94b707729426609736d85c3dbc9d0dffefaa72358d14be8,NO_ENTRIES,False
