city,predictor,predictor_role,window_days,high_demand_wet_physical_passes,high_demand_dry_physical_passes,absolute_vpd_overlap_lower_kpa,absolute_vpd_overlap_upper_kpa,absolute_vpd_overlap_width_kpa,absolute_vpd_union_width_kpa,absolute_vpd_range_overlap_fraction,both_groups_present,positive_absolute_vpd_range_overlap,status
ALL_CITIES,precipitation,candidate_primary,30,40,62,1.18851358898094,7.93893765681074,6.7504240678298,8.30925163457235,0.812398560628887,True,True,DESCRIPTIVE_ONLY_G4_FORMAL_AUDIT_REQUIRED
ALL_CITIES,days_since_meaningful_rain,candidate_primary,30,32,59,1.17280036364696,7.93893765681074,6.76613729316378,8.3157088306004,0.8136573118416,True,True,DESCRIPTIVE_ONLY_G4_FORMAL_AUDIT_REQUIRED
ALL_CITIES,climatic_water_balance,sensitivity_only,30,34,68,1.18851358898094,6.74740379438832,5.55889020540738,8.30925163457235,0.669000103725163,True,True,DESCRIPTIVE_ONLY_G4_FORMAL_AUDIT_REQUIRED
ALL_CITIES,precipitation,candidate_primary,60,37,66,1.36393944361678,6.74740379438832,5.38346435077154,8.3157088306004,0.647384902530654,True,True,DESCRIPTIVE_ONLY_G4_FORMAL_AUDIT_REQUIRED
ALL_CITIES,days_since_meaningful_rain,candidate_primary,60,35,59,1.17280036364696,7.93893765681074,6.76613729316378,8.3157088306004,0.8136573118416,True,True,DESCRIPTIVE_ONLY_G4_FORMAL_AUDIT_REQUIRED
ALL_CITIES,climatic_water_balance,sensitivity_only,60,44,56,1.23876659850394,6.74740379438832,5.50863719588438,8.3157088306004,0.662437479245729,True,True,DESCRIPTIVE_ONLY_G4_FORMAL_AUDIT_REQUIRED
atlanta,precipitation,candidate_primary,30,7,13,1.71050276923106,2.14928941508829,0.43878664585723,2.00980019893963,0.218323515983695,True,True,DESCRIPTIVE_ONLY_G4_FORMAL_AUDIT_REQUIRED
atlanta,days_since_meaningful_rain,candidate_primary,30,4,16,1.48191736731417,2.02878950808138,0.54687214076721,2.05596415562232,0.265993032646854,True,True,DESCRIPTIVE_ONLY_G4_FORMAL_AUDIT_REQUIRED
atlanta,climatic_water_balance,sensitivity_only,30,7,12,1.71050276923106,2.14928941508829,0.43878664585723,2.00980019893963,0.218323515983695,True,True,DESCRIPTIVE_ONLY_G4_FORMAL_AUDIT_REQUIRED
atlanta,precipitation,candidate_primary,60,10,11,1.83387199058088,3.07892585859972,1.24505386801884,2.05596415562232,0.605581505209644,True,True,DESCRIPTIVE_ONLY_G4_FORMAL_AUDIT_REQUIRED
atlanta,days_since_meaningful_rain,candidate_primary,60,4,16,1.48191736731417,2.02878950808138,0.54687214076721,2.05596415562232,0.265993032646854,True,True,DESCRIPTIVE_ONLY_G4_FORMAL_AUDIT_REQUIRED
atlanta,climatic_water_balance,sensitivity_only,60,10,9,1.65085512030376,3.07892585859972,1.42807073829596,2.05596415562232,0.694599044633488,True,True,DESCRIPTIVE_ONLY_G4_FORMAL_AUDIT_REQUIRED
los_angeles,precipitation,candidate_primary,30,10,12,1.56372842356315,3.60528632767383,2.04155790411068,2.54298457198844,0.802819618569027,True,True,DESCRIPTIVE_ONLY_G4_FORMAL_AUDIT_REQUIRED
los_angeles,days_since_meaningful_rain,candidate_primary,30,0,0,,,,,,False,False,DESCRIPTIVE_ONLY_G4_FORMAL_AUDIT_REQUIRED
los_angeles,climatic_water_balance,sensitivity_only,30,5,16,1.56372842356315,1.78951305371066,0.22578463014751,2.3482027217824,0.0961521030757211,True,True,DESCRIPTIVE_ONLY_G4_FORMAL_AUDIT_REQUIRED
los_angeles,precipitation,candidate_primary,60,4,16,1.56372842356315,2.66480564545551,1.10107722189236,2.54298457198844,0.432986198194428,True,True,DESCRIPTIVE_ONLY_G4_FORMAL_AUDIT_REQUIRED
los_angeles,days_since_meaningful_rain,candidate_primary,60,3,0,,,,,,False,False,DESCRIPTIVE_ONLY_G4_FORMAL_AUDIT_REQUIRED
los_angeles,climatic_water_balance,sensitivity_only,60,7,16,1.56372842356315,3.00065257177141,1.43692414820826,2.54298457198844,0.565054213869919,True,True,DESCRIPTIVE_ONLY_G4_FORMAL_AUDIT_REQUIRED
miami,precipitation,candidate_primary,30,2,5,1.628022164976,1.80401269333486,0.17599052835886,0.86937687568742,0.202432953165109,True,True,DESCRIPTIVE_ONLY_G4_FORMAL_AUDIT_REQUIRED
miami,days_since_meaningful_rain,candidate_primary,30,6,6,1.57726573424506,1.8258792144582,0.24861348021314,0.97880446703119,0.253997083776302,True,True,DESCRIPTIVE_ONLY_G4_FORMAL_AUDIT_REQUIRED
miami,climatic_water_balance,sensitivity_only,30,2,5,1.628022164976,1.80401269333486,0.17599052835886,0.86937687568742,0.202432953165109,True,True,DESCRIPTIVE_ONLY_G4_FORMAL_AUDIT_REQUIRED
miami,precipitation,candidate_primary,60,6,4,1.72092447593775,2.1451476346501,0.42422315871235,1.41881188282165,0.298998876347638,True,True,DESCRIPTIVE_ONLY_G4_FORMAL_AUDIT_REQUIRED
miami,days_since_meaningful_rain,candidate_primary,60,6,6,1.57726573424506,1.8258792144582,0.24861348021314,0.97880446703119,0.253997083776302,True,True,DESCRIPTIVE_ONLY_G4_FORMAL_AUDIT_REQUIRED
miami,climatic_water_balance,sensitivity_only,60,6,4,1.72092447593775,2.1451476346501,0.42422315871235,1.41881188282165,0.298998876347638,True,True,DESCRIPTIVE_ONLY_G4_FORMAL_AUDIT_REQUIRED
minneapolis_st_paul,precipitation,candidate_primary,30,14,19,1.18851358898094,3.62586775838271,2.43735416940177,2.90439573537991,0.839194927781751,True,True,DESCRIPTIVE_ONLY_G4_FORMAL_AUDIT_REQUIRED
minneapolis_st_paul,days_since_meaningful_rain,candidate_primary,30,16,17,1.18851358898094,3.62586775838271,2.43735416940177,2.98390741788519,0.816833040727925,True,True,DESCRIPTIVE_ONLY_G4_FORMAL_AUDIT_REQUIRED
minneapolis_st_paul,climatic_water_balance,sensitivity_only,30,13,23,1.18851358898094,3.62586775838271,2.43735416940177,2.98390741788519,0.816833040727925,True,True,DESCRIPTIVE_ONLY_G4_FORMAL_AUDIT_REQUIRED
minneapolis_st_paul,precipitation,candidate_primary,60,11,21,1.36393944361678,2.09456045950517,0.73062101588839,2.90981080914932,0.25108883835028,True,True,DESCRIPTIVE_ONLY_G4_FORMAL_AUDIT_REQUIRED
minneapolis_st_paul,days_since_meaningful_rain,candidate_primary,60,16,17,1.18851358898094,3.62586775838271,2.43735416940177,2.98390741788519,0.816833040727925,True,True,DESCRIPTIVE_ONLY_G4_FORMAL_AUDIT_REQUIRED
minneapolis_st_paul,climatic_water_balance,sensitivity_only,60,13,17,1.23876659850394,2.09456045950517,0.85579386100123,2.97222067187099,0.287930795011433,True,True,DESCRIPTIVE_ONLY_G4_FORMAL_AUDIT_REQUIRED
phoenix,precipitation,candidate_primary,30,7,13,4.73366554618335,7.93893765681074,3.20527211062739,4.88963927109184,0.655523226340511,True,True,DESCRIPTIVE_ONLY_G4_FORMAL_AUDIT_REQUIRED
phoenix,days_since_meaningful_rain,candidate_primary,30,6,20,4.73366554618335,7.93893765681074,3.20527211062739,4.88963927109184,0.655523226340511,True,True,DESCRIPTIVE_ONLY_G4_FORMAL_AUDIT_REQUIRED
phoenix,climatic_water_balance,sensitivity_only,30,7,12,5.03101048507646,6.74740379438832,1.71639330931186,4.88963927109184,0.351026571522237,True,True,DESCRIPTIVE_ONLY_G4_FORMAL_AUDIT_REQUIRED
phoenix,precipitation,candidate_primary,60,6,14,4.73366554618335,6.74740379438832,2.01373824820497,4.88963927109184,0.411837793456553,True,True,DESCRIPTIVE_ONLY_G4_FORMAL_AUDIT_REQUIRED
phoenix,days_since_meaningful_rain,candidate_primary,60,6,20,4.73366554618335,7.93893765681074,3.20527211062739,4.88963927109184,0.655523226340511,True,True,DESCRIPTIVE_ONLY_G4_FORMAL_AUDIT_REQUIRED
phoenix,climatic_water_balance,sensitivity_only,60,8,10,5.03101048507646,6.74740379438832,1.71639330931186,4.88963927109184,0.351026571522237,True,True,DESCRIPTIVE_ONLY_G4_FORMAL_AUDIT_REQUIRED
