city,orbit,date,canopy_fraction,reference_canopy_fraction,cooling_C,q025_8km_pointwise_C,q975_8km_pointwise_C,linear_cooling_C,blocks_spanning_reference_and_target
atlanta,28598,2023-07-22,0.038939791917800906,0.038939791917800906,0.0,-0.0,0.0,0.0,1833
atlanta,28598,2023-07-22,0.04,0.038939791917800906,0.004949117922642089,0.004144099436862792,0.005659168619876457,0.0017052970448915297,1833
atlanta,28598,2023-07-22,0.04302960082888603,0.038939791917800906,0.01908809860505165,0.015983395290671977,0.02182647684193228,0.006578273800533816,1832
atlanta,28598,2023-07-22,0.04711940973997116,0.038939791917800906,0.03816081236574655,0.031954577824182956,0.043634479457986396,0.013156547601067643,1829
atlanta,28598,2023-07-22,0.05,0.038939791917800906,0.0515793128536014,0.043191669339849414,0.05897651300222241,0.017789847554583786,1829
atlanta,28598,2023-07-22,0.05120921865105629,0.038939791917800906,0.05720738359419904,0.04790500796069549,0.06541108994328675,0.01973482140160147,1827
atlanta,28598,2023-07-22,0.05529902756214142,0.038939791917800906,0.07621705460252343,0.06382614606037215,0.08714339039295768,0.026313095202135286,1826
atlanta,28598,2023-07-22,0.05938883647322654,0.038939791917800906,0.0951790677028341,0.07970945248337553,0.10881846290212371,0.032891369002669105,1823
atlanta,28598,2023-07-22,0.06,0.038939791917800906,0.09800791474385624,0.08207921117921818,0.11205178308839225,0.033874398064276036,1823
atlanta,28598,2023-07-22,0.06347864538431167,0.038939791917800906,0.11408266520724543,0.09554638758986825,0.1304233895659092,0.03946964280320292,1822
atlanta,28598,2023-07-22,0.0675684542953968,0.038939791917800906,0.13291708942787184,0.11132841174001297,0.15194525247943869,0.046047916603736756,1821
atlanta,28598,2023-07-22,0.07,0.038939791917800906,0.14407766662854665,0.12068189163984565,0.16469614364402352,0.049958948573968306,1820
atlanta,28598,2023-07-22,0.07165826320648193,0.038939791917800906,0.15167158267682754,0.12704698529397213,0.1733711337378364,0.05262619040427057,1819
atlanta,28598,2023-07-22,0.07574807211756705,0.038939791917800906,0.170335387266227,0.14269356861190838,0.1946881154362269,0.059204464204804394,1816
atlanta,28598,2023-07-22,0.07983788102865219,0.038939791917800906,0.18889774550818456,0.15825962205398433,0.2158832796697346,0.06578273800533822,1813
atlanta,28598,2023-07-22,0.08,0.038939791917800906,0.18963131154281246,0.1588748774066081,0.21672075943475347,0.06604349908366056,1813
atlanta,28598,2023-07-22,0.08392768993973732,0.038939791917800906,0.20734789971481452,0.17373660598036256,0.23694370853348384,0.07236101180587204,1811
atlanta,28598,2023-07-22,0.08801749885082244,0.038939791917800906,0.2256750921982313,0.18911598075120561,0.2578564841225991,0.07893928560640587,1811
atlanta,28598,2023-07-22,0.09,0.038939791917800906,0.23451159252179363,0.19653333516438212,0.2679367952262196,0.08212804959335279,1809
atlanta,28598,2023-07-22,0.09210730776190756,0.038939791917800906,0.24386856527054918,0.20438920672667618,0.2786086885322048,0.08551755940693968,1808
atlanta,28598,2023-07-22,0.09619711667299269,0.038939791917800906,0.2619175612438826,0.21954908279527158,0.29918774147623445,0.0920958332074735,1805
atlanta,28598,2023-07-22,0.1,0.038939791917800906,0.2785612526006302,0.2335352933506988,0.31815694869572764,0.09821260010304507,1801
atlanta,28598,2023-07-22,0.10028692558407783,0.038939791917800906,0.27981132243034595,0.23458604125762658,0.319581344158506,0.09867410700800733,1801
atlanta,28598,2023-07-22,0.10437673449516295,0.038939791917800906,0.2975390911420535,0.2494915485276908,0.3397758807723286,0.10525238080854114,1799
atlanta,28598,2023-07-22,0.10846654340624808,0.038939791917800906,0.3150901096911196,0.2642570854789138,0.3597584501868763,0.11183065460907496,1797
atlanta,28598,2023-07-22,0.11,0.038939791917800906,0.32162303481446186,0.2697555433888139,0.36719355993589614,0.11429715061273732,1797
atlanta,28598,2023-07-22,0.1125563523173332,0.038939791917800906,0.3324536203896587,0.2788741329847453,0.37951615127132265,0.11840892840960879,1797
atlanta,28598,2023-07-22,0.11664616122841834,0.038939791917800906,0.3496188655497851,0.2933341719186348,0.3990360828948416,0.12498720221014262,1795
atlanta,28598,2023-07-22,0.12,0.038939791917800906,0.36353968219842886,0.30506894907184073,0.41485687103845087,0.13038170112242956,1794
atlanta,28598,2023-07-22,0.12073597013950346,0.038939791917800906,0.3665750874836131,0.3076286831540319,0.4183053439266068,0.13156547601067645,1793
atlanta,28598,2023-07-22,0.12482577905058859,0.038939791917800906,0.38331152850325717,0.3217491475643862,0.437311033235792,0.13814374981121025,1791
atlanta,28598,2023-07-22,0.12891558796167374,0.038939791917800906,0.39981743092083166,0.3356870460231475,0.4560402496915712,0.1447220236117441,1789
atlanta,28598,2023-07-22,0.13,0.038939791917800906,0.404153937787671,0.339350976949951,0.4609582919737718,0.14646625163212182,1789
atlanta,28598,2023-07-22,0.13300539687275886,0.038939791917800906,0.41608203704845087,0.349433859403765,0.4744800921631179,0.15130029741227793,1788
atlanta,28598,2023-07-22,0.137095205783844,0.038939791917800906,0.4320945891982291,0.3629834350616815,0.49261765951960584,0.15787857121281174,1783
atlanta,28598,2023-07-22,0.14,0.038939791917800906,0.44330854461732816,0.3724826694483347,0.5053092327122389,0.1625508021418141,1781
atlanta,28598,2023-07-22,0.1411850146949291,0.038939791917800906,0.4478443296822808,0.37639077702307366,0.510440050630209,0.16445684501334557,1778
atlanta,28598,2023-07-22,0.14527482360601424,0.038939791917800906,0.4633205008127203,0.3897970927866926,0.5279343643641009,0.17103511881387937,1775
atlanta,28598,2023-07-22,0.14936463251709936,0.038939791917800906,0.47851234490166195,0.40301414325198626,0.5450876995904558,0.1776133926144132,1775
atlanta,28598,2023-07-22,0.15,0.038939791917800906,0.48084624572254026,0.40504984485008494,0.5477211032242322,0.17863535265150632,1775
atlanta,28598,2023-07-22,0.15345444142818448,0.038939791917800906,0.49340918398605443,0.41603251360614674,0.5619286484826925,0.184191666414947,1770
atlanta,28598,2023-07-22,0.1575442503392696,0.038939791917800906,0.5080056163651678,0.42884857404953886,0.5784333491548224,0.19076994021548083,1767
atlanta,28598,2023-07-22,0.16,0.038939791917800906,0.5166270146644756,0.436449126378797,0.5881750896439139,0.19471990316119858,1767
atlanta,28598,2023-07-22,0.16163405925035473,0.038939791917800906,0.5223047152245777,0.4414667316135239,0.594587761943039,0.19734821401601466,1766
atlanta,28598,2023-07-22,0.16572386816143986,0.038939791917800906,0.5363103185850204,0.4538867450473881,0.610392978593,0.20392648781654849,1763
atlanta,28598,2023-07-22,0.16981367707252498,0.038939791917800906,0.5500262644672325,0.46611107392897644,0.6258565991191757,0.2105047616170823,1761
atlanta,28598,2023-07-22,0.17,0.038939791917800906,0.5506442972072821,0.46666336753437987,0.6265530281414814,0.21080445367089085,1761
atlanta,28598,2023-07-22,0.1739034859836101,0.038939791917800906,0.5634563908919502,0.47814217783613433,0.6409832275503388,0.21708303541761612,1759
atlanta,28598,2023-07-22,0.17799329489469523,0.038939791917800906,0.5766045358799099,0.4899825163467068,0.6557773968415161,0.22366130921814992,1757
atlanta,28598,2023-07-22,0.18,0.038939791917800906,0.5829538466628059,0.49546212163350534,0.6629160968135687,0.2268890041805831,1757
atlanta,28598,2023-07-22,0.18208310380578036,0.038939791917800906,0.5894745374518481,0.5010508352976963,0.6702436399477342,0.23023958301868375,1756
atlanta,28598,2023-07-22,0.18617291271686548,0.038939791917800906,0.6020702336285013,0.5118524797647753,0.6843419831995892,0.23681785681921758,1755
atlanta,28598,2023-07-22,0.19,0.038939791917800906,0.6136117676046776,0.521845309769619,0.6971341658961783,0.24297355469027537,1753
atlanta,28598,2023-07-22,0.19026272162795066,0.038939791917800906,0.6143954624306058,0.522555185077764,0.698001860947146,0.24339613061975146,1753
atlanta,28598,2023-07-22,0.19435253053903578,0.038939791917800906,0.6264540618788978,0.5335068275849865,0.711336765681644,0.2499744044202853,1750
atlanta,28598,2023-07-22,0.1984423394501209,0.038939791917800906,0.638249869994114,0.5442740809404083,0.7243448165409232,0.2565526782208191,1748
atlanta,28598,2023-07-22,0.2,0.038939791917800906,0.6426741646065277,0.5483269803088611,0.7292159966734383,0.25905810519996764,1746
atlanta,28598,2023-07-22,0.20253214836120603,0.038939791917800906,0.6497867247969905,0.5548594771340175,0.7370377576669238,0.2631309520213529,1746
atlanta,28598,2023-07-22,0.20662195727229116,0.038939791917800906,0.661068464308264,0.5652740533196801,0.7493363128041977,0.2697092258218867,1740
atlanta,28598,2023-07-22,0.21,0.038939791917800906,0.6701971422419871,0.5737459862153116,0.7592026768355717,0.27514265570965984,1740
atlanta,28598,2023-07-22,0.21071176618337628,0.038939791917800906,0.6720989265486709,0.5755158554653641,0.7612545835063826,0.27628749962242055,1740
atlanta,28598,2023-07-22,0.2148015750944614,0.038939791917800906,0.6828819495389473,0.5852043783863048,0.7730952455192633,0.2828657734229544,1736
atlanta,28598,2023-07-22,0.21889138400554653,0.038939791917800906,0.6934213712998297,0.5941504554727932,0.7846689329036453,0.28944404722348815,1732
atlanta,28598,2023-07-22,0.22,0.038939791917800906,0.6962368050846867,0.596539658567217,0.7877565699715438,0.2912272062193521,1732
atlanta,28598,2023-07-22,0.22298119291663165,0.038939791917800906,0.7037210298520546,0.602889642998075,0.7959557313877399,0.296022321024022,1730
atlanta,28598,2023-07-22,0.22707100182771678,0.038939791917800906,0.7137847632163584,0.611425523391578,0.8069644187483062,0.3026005948245558,1726
atlanta,28598,2023-07-22,0.23,0.038939791917800906,0.7208492577082568,0.6175343511733903,0.8147395038338279,0.30731175672904437,1722
atlanta,28598,2023-07-22,0.2311608107388019,0.038939791917800906,0.7236164094134775,0.6201004710532496,0.8178149770206573,0.30917886862508964,1722
atlanta,28598,2023-07-22,0.23525061964988703,0.038939791917800906,0.7332198064641482,0.6290438691701851,0.8285294642655532,0.31575714242562347,1720
atlanta,28598,2023-07-22,0.23934042856097215,0.038939791917800906,0.742598792389107,0.6378964586142659,0.8388613754996851,0.32233541622615725,1718
atlanta,28598,2023-07-22,0.24,0.038939791917800906,0.7440906046863284,0.639323908611985,0.8405145596093087,0.32339630723873664,1718
atlanta,28598,2023-07-22,0.24343023747205728,0.038939791917800906,0.7517572052090901,0.646681705072509,0.8490056792321553,0.3289136900266911,1716
atlanta,28598,2023-07-22,0.2475200463831424,0.038939791917800906,0.7606988829448342,0.6548854918641585,0.85889854208572,0.3354919638272249,1712
atlanta,28598,2023-07-22,0.25,0.038939791917800906,0.766016950592532,0.6599301457783686,0.8647731941602704,0.3394808577484289,1711
atlanta,28598,2023-07-22,0.2516098552942275,0.038939791917800906,0.7694276636170756,0.663177301294513,0.8685331007030053,0.34207023762775873,1709
atlanta,28598,2023-07-22,0.2556996642053127,0.038939791917800906,0.7779473852465507,0.6713197995046862,0.8777546482900614,0.3486485114282926,1707
atlanta,28598,2023-07-22,0.25978947311639783,0.038939791917800906,0.7862618858539958,0.6791041752570911,0.8864636621668053,0.35522678522882645,1704
atlanta,28598,2023-07-22,0.26,0.038939791917800906,0.7866844000004983,0.6794742965927416,0.8869384521597844,0.35556540825812116,1704
atlanta,28598,2023-07-22,0.26387928202748295,0.038939791917800906,0.7943750034601473,0.6862010978263628,0.8954922558665981,0.3618050590293603,1702
atlanta,28598,2023-07-22,0.2679690909385681,0.038939791917800906,0.8022905760857417,0.693119919933692,0.9043646367638997,0.36838333282989405,1701
atlanta,28598,2023-07-22,0.27,0.038939791917800906,0.8061490574838581,0.6965084842712363,0.9086886848350444,0.3716499587678134,1697
atlanta,28598,2023-07-22,0.2720588998496532,0.038939791917800906,0.8100124417515153,0.7002452159784777,0.9130166443897975,0.3749616066304279,1697
atlanta,28598,2023-07-22,0.2761487087607383,0.038939791917800906,0.8175444384782046,0.7075598266975978,0.9214339483416102,0.3815398804309617,1696
atlanta,28598,2023-07-22,0.28,0.038939791917800906,0.8244670276162422,0.7143184278245168,0.9290137462164034,0.3877345092775057,1696
atlanta,28598,2023-07-22,0.28023851767182345,0.038939791917800906,0.8248904042865459,0.7147329245145394,0.9294769853308987,0.38811815423149554,1696
atlanta,28598,2023-07-22,0.2843283265829086,0.038939791917800906,0.8320541771972757,0.7217671795787888,0.9373078750593912,0.3946964280320293,1694
atlanta,28598,2023-07-22,0.2884181354939937,0.038939791917800906,0.8390395952311304,0.7286703513773678,0.9439975743886625,0.40127470183256314,1692
atlanta,28598,2023-07-22,0.29,0.038939791917800906,0.8416944149712811,0.7313081367010359,0.9463976125102072,0.4038190597871979,1692
atlanta,28598,2023-07-22,0.2925079444050788,0.038939791917800906,0.8458504964088462,0.7353382913503931,0.9505504128860482,0.40785297563309697,1691
atlanta,28598,2023-07-22,0.29659775331616395,0.038939791917800906,0.8524907187511597,0.7412366709566942,0.9580033647038918,0.4144312494336308,1687
atlanta,28598,2023-07-22,0.3,0.038939791917800906,0.8578873241226055,0.7460366569316849,0.964059742607985,0.41990361029689016,1686
atlanta,28598,2023-07-22,0.30068756222724907,0.038939791917800906,0.8589641002788072,0.7469950986774964,0.9652680770686335,0.4210095232341646,1685
atlanta,28598,2023-07-22,0.3047773711383342,0.038939791917800906,0.8652744790125253,0.7526169558450754,0.9723488394919668,0.4275877970346984,1684
atlanta,28598,2023-07-22,0.3088671800494193,0.038939791917800906,0.8714256929730502,0.7581056237917062,0.9792499414855868,0.43416607083523223,1681
atlanta,28598,2023-07-22,0.31,0.038939791917800906,0.8731018596438462,0.7596028070390901,0.9811302525411921,0.4359881608065824,1681
atlanta,28598,2023-07-22,0.31295698896050445,0.038939791917800906,0.8774215801811183,0.7634644838496649,0.9859736665394983,0.44074434463576606,1678
atlanta,28598,2023-07-22,0.31704679787158957,0.038939791917800906,0.883265978657466,0.7689669319183826,0.9922714259888554,0.44732261843629983,1676
atlanta,28598,2023-07-22,0.32,0.038939791917800906,0.8873941261086339,0.7730879831613988,0.9963454487033938,0.4520727113162747,1676
atlanta,28598,2023-07-22,0.3211366067826747,0.038939791917800906,0.8889627264228297,0.7746579077106603,0.997888745503891,0.45390089223683366,1675
atlanta,28598,2023-07-22,0.3252264156937598,0.038939791917800906,0.8945156614979459,0.7802337911811811,1.0033260482839415,0.4604791660373675,1672
atlanta,28598,2023-07-22,0.32931622460484494,0.038939791917800906,0.899928621903551,0.7857178995109192,1.0085902864758953,0.4670574398379013,1672
atlanta,28598,2023-07-22,0.33,0.038939791917800906,0.9008202280905993,0.7866245854944992,1.0094540802749772,0.46815726182596695,1672
atlanta,28598,2023-07-22,0.33340603351593007,0.038939791917800906,0.9052054456603812,0.7910959026736,1.0136884454196178,0.47363571363843515,1671
atlanta,28598,2023-07-22,0.33749584242701525,0.038939791917800906,0.9103499707891732,0.7963673068194702,1.0186203949590678,0.48021398743896904,1670
atlanta,28598,2023-07-22,0.34,0.038939791917800906,0.913436270163373,0.7995435012933128,1.0215598049578998,0.4842418123356592,1670
atlanta,28598,2023-07-22,0.34158565133810037,0.038939791917800906,0.9153660353106632,0.8015348397874723,1.023391178837248,0.48679226123950287,1670
atlanta,28598,2023-07-22,0.3456754602491855,0.038939791917800906,0.9202574772455875,0.8066785010524803,1.0280100323972499,0.49337053504003664,1667
atlanta,28598,2023-07-22,0.3497652691602706,0.038939791917800906,0.9250281346146828,0.811539870125725,1.033767640974467,0.49994880884057047,1666
atlanta,28598,2023-07-22,0.35,0.038939791917800906,0.9252983569005857,0.8118200073915879,1.0340972192135176,0.5003263628453514,1665
atlanta,28598,2023-07-22,0.35385507807135574,0.038939791917800906,0.9296818454386853,0.8163760207990114,1.0394487625905824,0.5065270826411042,1661
atlanta,28598,2023-07-22,0.35794488698244087,0.038939791917800906,0.9342224477383313,0.8209379341386893,1.0450023116992793,0.5131053564416381,1658
atlanta,28598,2023-07-22,0.36,0.038939791917800906,0.9364625928758683,0.8227864599636872,1.0472390944906391,0.5164109133550436,1657
atlanta,28598,2023-07-22,0.362034695893526,0.038939791917800906,0.9386537795343575,0.8244496812660556,1.0493419029590114,0.5196836302421719,1657
atlanta,28598,2023-07-22,0.3661245048046111,0.038939791917800906,0.9429796788474999,0.8277395862392426,1.0534522667936983,0.5262619040427058,1656
atlanta,28598,2023-07-22,0.37,0.038939791917800906,0.9469850826628512,0.8307352957152057,1.0574442859301219,0.5324954638647359,1655
atlanta,28598,2023-07-22,0.37021431371569624,0.038939791917800906,0.9472039836984953,0.8308847028879354,1.0576372789354076,0.5328401778432396,1655
atlanta,28598,2023-07-22,0.37430412262678137,0.038939791917800906,0.9513305321080799,0.8340375082388506,1.0614560259408703,0.5394184516437733,1653
atlanta,28598,2023-07-22,0.3783939315378665,0.038939791917800906,0.95536316209699,0.8370356162173003,1.0666006337229654,0.5459967254443072,1651
atlanta,28598,2023-07-22,0.38,0.038939791917800906,0.9569219308351653,0.838191102337848,1.068592963880148,0.5485800143744283,1651
atlanta,28598,2023-07-22,0.3824837404489516,0.038939791917800906,0.9593057116859625,0.8399545281411457,1.0716420401982427,0.552574999244841,1650
atlanta,28598,2023-07-22,0.38657354936003674,0.038939791917800906,0.9631620188957332,0.842953028806329,1.075875621198459,0.5591532730453749,1650
atlanta,28598,2023-07-22,0.39,0.038939791917800906,0.9663292419664412,0.8468369668007035,1.0789297057399343,0.5646645648841205,1650
atlanta,28598,2023-07-22,0.39066335827112186,0.038939791917800906,0.9669359217470388,0.8475838826251605,1.0795128613142007,0.5657315468459087,1650
atlanta,28598,2023-07-22,0.394753167182207,0.038939791917800906,0.9706312582606154,0.8518619086287452,1.0830517735028307,0.5723098206464424,1648
atlanta,28598,2023-07-22,0.39884297609329217,0.038939791917800906,0.9742518664571996,0.8548066655169596,1.087093946185306,0.5788880944469763,1645
atlanta,28598,2023-07-22,0.4,0.038939791917800906,0.97526312063031,0.8558891031171849,1.0880922417309742,0.5807491153938128,1645
atlanta,28598,2023-07-22,0.4029327850043773,0.038939791917800906,0.977801584357528,0.8587994622695502,1.0905872007728048,0.5854663682475102,1644
atlanta,28598,2023-07-22,0.4070225939154624,0.038939791917800906,0.9812842499823367,0.8632196025818465,1.0936208757244363,0.592044642048044,1641
atlanta,28598,2023-07-22,0.41,0.038939791917800906,0.9837796714004016,0.8664039946301708,1.0964572237394048,0.596833665903505,1639
atlanta,28598,2023-07-22,0.41111240282654754,0.038939791917800906,0.9847037013523623,0.8675867017437254,1.0973668308131663,0.5986229158485779,1639
atlanta,28598,2023-07-22,0.41520221173763266,0.038939791917800906,0.9880637764883412,0.8712371779899968,1.1006675633453373,0.6052011896491116,1639
atlanta,28598,2023-07-22,0.4192920206487178,0.038939791917800906,0.9913683134110095,0.8739858007788455,1.1044027201755833,0.6117794634496454,1637
atlanta,28598,2023-07-22,0.42,0.038939791917800906,0.991934998850347,0.8744571520814156,1.1050457506184939,0.6129182164131972,1636
atlanta,28598,2023-07-22,0.4233818295598029,0.038939791917800906,0.994621150141104,0.8769708808948958,1.1080924448272729,0.6183577372501793,1634
atlanta,28598,2023-07-22,0.42747163847088804,0.038939791917800906,0.9978261246993607,0.8804769135268884,1.1118269414132702,0.6249360110507131,1633
atlanta,28598,2023-07-22,0.43,0.038939791917800906,0.9997852075537773,0.8826241767862406,1.1142198036697124,0.6290027669228895,1631
atlanta,28598,2023-07-22,0.43156144738197316,0.038939791917800906,1.0009870751065166,0.883942921816969,1.1158783706094193,0.6315142848512469,1631
atlanta,28598,2023-07-22,0.4356512562930583,0.038939791917800906,1.0041078393833076,0.8865412983051191,1.119915868090532,0.6380925586517807,1630
atlanta,28598,2023-07-22,0.4397410652041434,0.038939791917800906,1.0071922555504698,0.8884615921467085,1.12327746187473,0.6446708324523145,1628
atlanta,28598,2023-07-22,0.44,0.038939791917800906,1.0073864020843235,0.8885821165867265,1.123516455647713,0.6450873174325817,1628
atlanta,28598,2023-07-22,0.44383087411522854,0.038939791917800906,1.01024416162874,0.8903517979751518,1.1270344398794578,0.6512491062528484,1626
atlanta,28598,2023-07-22,0.44792068302631366,0.038939791917800906,1.013267395638855,0.8922157992240455,1.1307486603299362,0.6578273800533821,1625
atlanta,28598,2023-07-22,0.45,0.038939791917800906,1.0147946870156148,0.8935167108796677,1.1325723340990304,0.661171867942274,1624
atlanta,28598,2023-07-22,0.4520104919373988,0.038939791917800906,1.0162657956015506,0.8951618279485563,1.133767569066329,0.6644056538539159,1623
atlanta,28598,2023-07-22,0.4561003008484839,0.038939791917800906,1.0192431995375635,0.8976005479195828,1.1361732251161707,0.6709839276544498,1622
atlanta,28598,2023-07-22,0.46,0.038939791917800906,1.0220661669212836,0.8993878203623435,1.1389543011649212,0.6772564184519663,1621
atlanta,28598,2023-07-22,0.46019010975956903,0.038939791917800906,1.02220344546763,0.8995011802130742,1.1391071402017783,0.6775622014549836,1621
atlanta,28598,2023-07-22,0.46427991867065416,0.038939791917800906,1.0251503714124865,0.9019370641850925,1.142559662562078,0.6841404752555175,1619
atlanta,28598,2023-07-22,0.46836972758173934,0.038939791917800906,1.0280878153928699,0.9043953873402741,1.146334781924876,0.6907187490560514,1618
atlanta,28598,2023-07-22,0.47,0.038939791917800906,1.02925694637496,0.9053771440023727,1.1474936093197101,0.6933409689616584,1618
atlanta,28598,2023-07-22,0.47245953649282446,0.038939791917800906,1.0310196154295164,0.9068589857821274,1.1492409747736392,0.6972970228565851,1617
atlanta,28598,2023-07-22,0.4765493454039096,0.038939791917800906,1.0339496095431608,0.909762301383882,1.1521757447734704,0.703875296657119,1613
atlanta,28598,2023-07-22,0.48,0.038939791917800906,1.0364231299502737,0.9125911696017409,1.1549007716882105,0.7094255194713507,1611
atlanta,28598,2023-07-22,0.4806391543149947,0.038939791917800906,1.0368816357545418,0.9131154981567388,1.1554053558891162,0.7104535704576528,1611
atlanta,28598,2023-07-22,0.48472896322607983,0.038939791917800906,1.0398195320843944,0.9164742645917197,1.158634442371212,0.7170318442581866,1611
atlanta,28598,2023-07-22,0.48881877213716496,0.038939791917800906,1.042767136553455,0.919841567843041,1.16174331612117,0.7236101180587204,1610
atlanta,28598,2023-07-22,0.49,0.038939791917800906,1.0436208222208563,0.9208161301934017,1.1625194596408774,0.725510069981043,1610
atlanta,28598,2023-07-22,0.4929085810482501,0.038939791917800906,1.0457282871824605,0.9232203750649209,1.1644354014290814,0.7301883918592542,1609
atlanta,28598,2023-07-22,0.4969983899593352,0.038939791917800906,1.0487068219921478,0.9266136534115762,1.1671435923367894,0.736766665659788,1609
atlanta,28598,2023-07-22,0.5,0.038939791917800906,1.050906127760339,0.9287429769387076,1.1691440546323681,0.7415946204907353,1607
atlanta,28598,2023-07-22,0.5010881988704203,0.038939791917800906,1.051706579003252,0.9294826096444747,1.16987238569082,0.7433449394603219,1607
atlanta,28598,2023-07-22,0.5051780077815055,0.038939791917800906,1.0547313962365108,0.9322836254407769,1.172688475377202,0.7499232132608556,1604
atlanta,28598,2023-07-22,0.5092678166925906,0.038939791917800906,1.0577851117126595,0.9351209183355016,1.1757368008027476,0.7565014870613895,1604
atlanta,28598,2023-07-22,0.51,0.038939791917800906,1.058335151142352,0.9356329745913973,1.1763127126187596,0.7576791710004276,1604
atlanta,28598,2023-07-22,0.5133576256036757,0.038939791917800906,1.0608715634524357,0.9379981098696996,1.1793372163472933,0.7630797608619233,1598
atlanta,28598,2023-07-22,0.5174474345147608,0.038939791917800906,1.063994589476574,0.9409188215844209,1.1830641271456903,0.7696580346624571,1596
atlanta,28598,2023-07-22,0.52,0.038939791917800906,1.0659639969405255,0.9427653833940781,1.1854158413640237,0.7737637215101199,1593
atlanta,28598,2023-07-22,0.521537243425846,0.038939791917800906,1.067158027805813,0.9438866750207172,1.1868421744236397,0.776236308462991,1592
atlanta,28598,2023-07-22,0.5256270523369311,0.038939791917800906,1.0703657164608873,0.9469058140898361,1.1906756714776372,0.7828145822635247,1590
atlanta,28598,2023-07-22,0.5297168612480163,0.038939791917800906,1.073621493462534,0.9499782932222365,1.1945689316041797,0.7893928560640587,1589
atlanta,28598,2023-07-22,0.53,0.038939791917800906,1.0738487697284906,0.9501931433985354,1.1948407852596203,0.7898482720198121,1588
atlanta,28598,2023-07-22,0.5338066701591014,0.038939791917800906,1.0769291968314894,0.9532122649677925,1.198526268099765,0.7959711298645926,1587
atlanta,28598,2023-07-22,0.5378964790701866,0.038939791917800906,1.0802926645884914,0.9566341855181493,1.20255199426089,0.8025494036651264,1583
atlanta,28598,2023-07-22,0.54,0.038939791917800906,1.0820455740798798,0.958417511205738,1.2044718496485916,0.8059328225295043,1582
atlanta,28598,2023-07-22,0.5419862879812717,0.038939791917800906,1.0837157347542739,0.9601165421328317,1.2060602289916194,0.8091276774656601,1581
atlanta,28598,2023-07-22,0.5460760968923568,0.038939791917800906,1.0872022453495742,0.9636627385361838,1.2093478182676114,0.8157059512661939,1580
atlanta,28598,2023-07-22,0.55,0.038939791917800906,1.0906105145683198,0.9671282450485985,1.2125814460709003,0.8220173730391965,1579
atlanta,28598,2023-07-22,0.5501659058034419,0.038939791917800906,1.090756034395129,0.9672761784525491,1.2127197595779182,0.8222842250667277,1579
atlanta,28598,2023-07-22,0.5542557147145271,0.038939791917800906,1.0943809399116744,0.9709602656062706,1.216373588947792,0.8288624988672616,1578
atlanta,28598,2023-07-22,0.5583455236256122,0.038939791917800906,1.0980807999199473,0.9747184037216916,1.2202682254832817,0.8354407726677954,1575
atlanta,28598,2023-07-22,0.56,0.038939791917800906,1.0995996957674443,0.9761487141412909,1.2216885352882676,0.8381019235488888,1575
atlanta,28598,2023-07-22,0.5624353325366973,0.038939791917800906,1.1018594524406835,0.9782201879163547,1.223808157302296,0.8420190464683291,1575
atlanta,28598,2023-07-22,0.5665251414477824,0.038939791917800906,1.1057207354946204,0.9817729249919779,1.227435546005941,0.848597320268863,1574
atlanta,28598,2023-07-22,0.57,0.038939791917800906,1.1090692222508831,0.9848667821007658,1.230601923492864,0.8541864740585808,1572
atlanta,28598,2023-07-22,0.5706149503588676,0.038939791917800906,1.1096684871024924,0.985421703655005,1.2311705976411038,0.8551755940693968,1572
atlanta,28598,2023-07-22,0.5747047592699527,0.038939791917800906,1.1137065452850377,0.9891703434358885,1.23534490717603,0.8617538678699307,1570
atlanta,28598,2023-07-22,0.5787945681810378,0.038939791917800906,1.1178387480629928,0.9930226638650786,1.2398674584917453,0.8683321416704645,1569
atlanta,28598,2023-07-22,0.58,0.038939791917800906,1.119075198592266,0.9941784386041721,1.2412228715263753,0.8702710245682731,1567
atlanta,28598,2023-07-22,0.5828843770921229,0.038939791917800906,1.1220689334570926,0.9969850569225,1.2445086478700584,0.8749104154709982,1567
atlanta,28598,2023-07-22,0.586974186003208,0.038939791917800906,1.1264009394880754,1.001053624790181,1.2492729856072615,0.8814886892715321,1567
atlanta,28598,2023-07-22,0.59,0.038939791917800906,1.1296737293652266,1.0041395179322858,1.2528797545843924,0.8863555750779655,1565
atlanta,28598,2023-07-22,0.5910639949142932,0.038939791917800906,1.130838604176676,1.0052399043469946,1.2541649819996465,0.8880669630720659,1563
atlanta,28598,2023-07-22,0.5951538038253783,0.038939791917800906,1.1353857655436315,1.0095451426739175,1.2591891473435037,0.8946452368725997,1561
atlanta,28598,2023-07-22,0.5992436127364634,0.038939791917800906,1.1400462616096776,1.0139731593014008,1.264349991935126,0.9012235106731336,1556
atlanta,28598,2023-07-22,0.6,0.038939791917800906,1.1409209191433924,1.0148223565500039,1.2653197977437547,0.9024401255876577,1556
atlanta,28598,2023-07-22,0.6033334216475486,0.038939791917800906,1.144823930395552,1.018633730344984,1.2696520260708033,0.9078017844736673,1554
atlanta,28598,2023-07-22,0.6074232305586337,0.038939791917800906,1.1497226099219893,1.0234223100623243,1.2750997600468283,0.9143800582742012,1550
atlanta,28598,2023-07-22,0.61,0.038939791917800906,1.1528728725003963,1.0265044375180716,1.2786089329698613,0.91852467609735,1549
atlanta,28598,2023-07-22,0.6115130394697188,0.038939791917800906,1.154746138209728,1.028338114058554,1.2806977041594925,0.920958332074735,1548
atlanta,28598,2023-07-22,0.6156028483808039,0.038939791917800906,1.1598983532795029,1.0333847745364182,1.2864503687050866,0.9275366058752688,1545
atlanta,28598,2023-07-22,0.619692657291889,0.038939791917800906,1.1651830931520517,1.0385659236986617,1.2920584873071128,0.9341148796758026,1543
atlanta,28598,2023-07-22,0.62,0.038939791917800906,1.1655856940098677,1.0389608134627644,1.292479213561826,0.9346092266070423,1543
atlanta,28598,2023-07-22,0.6237824662029742,0.038939791917800906,1.1706037070071416,1.04388471881902,1.2979903364901486,0.9406931534763364,1543
atlanta,28598,2023-07-22,0.6278722751140593,0.038939791917800906,1.1761596810342902,1.0493405641180593,1.3045450625600283,0.9472714272768703,1541
atlanta,28598,2023-07-22,0.63,0.038939791917800906,1.1791029284875854,1.0522323779706921,1.3080111148960525,0.9506937771167345,1539
atlanta,28598,2023-07-22,0.6319620840251445,0.038939791917800906,1.1818486670489692,1.0549310816468669,1.3111178584469505,0.9538497010774042,1538
atlanta,28598,2023-07-22,0.6360518929362297,0.038939791917800906,1.1876683057633275,1.060653882669198,1.3176916044051743,0.9604279748779381,1534
atlanta,28598,2023-07-22,0.64,0.038939791917800906,1.1934080369575362,1.0663016507651017,1.3241838666650552,0.9667783276264268,1527
atlanta,28598,2023-07-22,0.6401417018473148,0.038939791917800906,1.1936162378895132,1.0665065784488086,1.3244195196204849,0.9670062486784718,1527
atlanta,28598,2023-07-22,0.6442315107583999,0.038939791917800906,1.1996901041396788,1.0724867802494569,1.3312987689538875,0.9735845224790057,1525
atlanta,28598,2023-07-22,0.648321319669485,0.038939791917800906,1.205887545225971,1.0785920993348963,1.338313209883993,0.9801627962795395,1524
atlanta,28598,2023-07-22,0.65,0.038939791917800906,1.2084665342972125,1.081133716153268,1.3412316662277115,0.9828628781361191,1524
atlanta,28598,2023-07-22,0.6524111285805702,0.038939791917800906,1.2122062018605382,1.084820146968882,1.3454277061889968,0.9867410700800733,1524
atlanta,28598,2023-07-22,0.6565009374916553,0.038939791917800906,1.2186437147555325,1.091168534415173,1.3521151700420653,0.9933193438806072,1522
atlanta,28598,2023-07-22,0.66,0.038939791917800906,1.2242439321992244,1.0966936553482178,1.357925403226819,0.9989474286458113,1519
atlanta,28598,2023-07-22,0.6605907464027404,0.038939791917800906,1.2251977246231025,1.097594820776662,1.358914436670623,0.9998976176811409,1518
atlanta,28598,2023-07-22,0.6646805553138255,0.038939791917800906,1.231865872175399,1.103325013571215,1.365830114678577,1.0064758914816747,1513
atlanta,28598,2023-07-22,0.6687703642249107,0.038939791917800906,1.2386457981245662,1.1093369012723873,1.3728636872477502,1.0130541652822085,1506
atlanta,28598,2023-07-22,0.67,0.038939791917800906,1.2407057423561794,1.1111224559344535,1.375001069007589,1.0150319791555036,1506
atlanta,28598,2023-07-22,0.6728601731359958,0.038939791917800906,1.2455351431827624,1.1153001940053735,1.380006561058205,1.0196324390827425,1499
atlanta,28598,2023-07-22,0.6769499820470809,0.038939791917800906,1.2525315480621289,1.1213467946575104,1.387214761490618,1.0262107128832763,1497
atlanta,28598,2023-07-22,0.68,0.038939791917800906,1.2578174764606898,1.1265269645098588,1.3922721334166197,1.0311165296651958,1497
atlanta,28598,2023-07-22,0.681039790958166,0.038939791917800906,1.2596326534748188,1.1284701825715004,1.3943579900641179,1.03278898668381,1497
atlanta,28598,2023-07-22,0.6851295998692511,0.038939791917800906,1.2668361001329778,1.136201214999528,1.4021121130185736,1.0393672604843438,1491
atlanta,28598,2023-07-22,0.6892194087803363,0.038939791917800906,1.2741395287487638,1.1431632614417273,1.410755541311343,1.0459455342848776,1488
atlanta,28598,2023-07-22,0.69,0.038939791917800906,1.2755446462053615,1.1443387772567581,1.4123590187939437,1.0472010801748879,1486
atlanta,28598,2023-07-22,0.6933092176914214,0.038939791917800906,1.2815405800343176,1.149556598101807,1.4189027913930423,1.0525238080854116,1481
atlanta,28598,2023-07-22,0.6973990266025065,0.038939791917800906,1.2890368947017936,1.1570828063685747,1.4274986420949238,1.0591020818859453,1480
atlanta,28598,2023-07-22,0.7,0.038939791917800906,1.2938527632828063,1.16106802339956,1.4330291202478256,1.0632856306845802,1479
atlanta,28598,2023-07-22,0.7014888355135916,0.038939791917800906,1.2966261134633377,1.1633315398582171,1.4362168015280388,1.0656803556864791,1478
atlanta,28598,2023-07-22,0.7055786444246768,0.038939791917800906,1.3043058770311031,1.1695480915592893,1.4450541636774576,1.072258629487013,1477
atlanta,28598,2023-07-22,0.7096684533357619,0.038939791917800906,1.312073826117235,1.1760458406837542,1.4540076225282406,1.0788369032875467,1472
atlanta,28598,2023-07-22,0.71,0.038939791917800906,1.3127073393856348,1.1766510911734869,1.4547384413198101,1.0793701811942724,1472
atlanta,28598,2023-07-22,0.713758262246847,0.038939791917800906,1.3199276014338837,1.1835475751249147,1.4630740720654567,1.0854151770880807,1470
atlanta,28598,2023-07-22,0.7178480711579321,0.038939791917800906,1.327864843693206,1.1911254993032576,1.4722422887941493,1.0919934508886144,1467
atlanta,28598,2023-07-22,0.72,0.038939791917800906,1.3320738862064534,1.195159606392295,1.476694631502445,1.0954547317039647,1464
atlanta,28598,2023-07-22,0.7219378800690173,0.038939791917800906,1.33588319360734,1.198815305637166,1.4803084290874644,1.0985717246891482,1462
atlanta,28598,2023-07-22,0.7260276889801024,0.038939791917800906,1.3439802918884436,1.2065838955938828,1.4879828659001761,1.105149998489682,1457
atlanta,28598,2023-07-22,0.73,0.038939791917800906,1.351917915437873,1.2141969677803734,1.496466560717939,1.111539282213657,1453
atlanta,28598,2023-07-22,0.7301174978911875,0.038939791917800906,1.35215377924866,1.2144231510637176,1.4967373187618387,1.1117282722902158,1453
atlanta,28598,2023-07-22,0.7342073068022726,0.038939791917800906,1.3604012964001453,1.2223308895319969,1.506210956885657,1.1183065460907498,1451
atlanta,28598,2023-07-22,0.7382971157133578,0.038939791917800906,1.3687204840550429,1.2303049284840348,1.5157651030879473,1.1248848198912835,1444
atlanta,28598,2023-07-22,0.74,0.038939791917800906,1.372204938772505,1.233644131275967,1.519755548685225,1.1276238327233492,1443
atlanta,28598,2023-07-22,0.7423869246244429,0.038939791917800906,1.3771089829255074,1.2384735868371153,1.5253746421276966,1.1314630936918173,1442
atlanta,28598,2023-07-22,0.746476733535528,0.038939791917800906,1.3855644337236834,1.247097709572291,1.534873088974642,1.138041367492351,1441
atlanta,28598,2023-07-22,0.75,0.038939791917800906,1.3929004679029564,1.253617950214401,1.5417506400226935,1.1437083832330415,1437
atlanta,28598,2023-07-22,0.7505665424466131,0.038939791917800906,1.3940844771617218,1.254614704674272,1.5430374567525913,1.1446196412928848,1436
atlanta,28598,2023-07-22,0.7546563513576983,0.038939791917800906,1.402666753951772,1.262750833988092,1.5527228713677954,1.1511979150934186,1434
atlanta,28598,2023-07-22,0.7587461602687835,0.038939791917800906,1.411308904805989,1.2698829016304403,1.562480140449192,1.1577761888939526,1430
atlanta,28598,2023-07-22,0.76,0.038939791917800906,1.413970014521838,1.2719787303532855,1.5654854461001972,1.1597929337427337,1429
atlanta,28598,2023-07-22,0.7628359691798686,0.038939791917800906,1.4200085704365126,1.276732904560508,1.572306432631112,1.1643544626944866,1428
atlanta,28598,2023-07-22,0.7669257780909537,0.038939791917800906,1.4287633915555014,1.2836781615413462,1.5821989165479082,1.1709327364950204,1419
atlanta,28598,2023-07-22,0.77,0.038939791917800906,1.435379090321754,1.2892082836694962,1.5896702412780535,1.175877484252426,1418
atlanta,28598,2023-07-22,0.7710155870020389,0.038939791917800906,1.4375710088750981,1.2910401566818877,1.5921408863165754,1.1775110102955542,1416
atlanta,28598,2023-07-22,0.775105395913124,0.038939791917800906,1.446429063107452,1.29862850833913,1.602127329397987,1.184089284096088,1409
atlanta,28598,2023-07-22,0.7791952048242091,0.038939791917800906,1.4553351949647173,1.3058997246403252,1.6121710390382682,1.1906675578966217,1402
atlanta,28598,2023-07-22,0.78,0.038939791917800906,1.4570932069953222,1.3073659521047918,1.6141539474732294,1.1919620347621183,1400
atlanta,28598,2023-07-22,0.7832850137352942,0.038939791917800906,1.4642870451590404,1.3133646990980417,1.6219921349547974,1.1972458316971557,1390
atlanta,28598,2023-07-22,0.7873748226463794,0.038939791917800906,1.4732822544025737,1.3208820137958233,1.631217193415094,1.2038241054976895,1384
atlanta,28598,2023-07-22,0.79,0.038939791917800906,1.47907787623515,1.3257753763850244,1.6371593389317078,1.2080465852718105,1376
atlanta,28598,2023-07-22,0.7914646315574645,0.038939791917800906,1.482318463407462,1.3293600361799451,1.640481343230375,1.2104023792982233,1373
atlanta,28598,2023-07-22,0.7955544404685496,0.038939791917800906,1.4913933128858567,1.3394054313751096,1.6497652434841155,1.216980653098757,1360
atlanta,28598,2023-07-22,0.7996442493796347,0.038939791917800906,1.500504443549909,1.3495007872101317,1.659081368743975,1.2235589268992908,1354
atlanta,28598,2023-07-22,0.8,0.038939791917800906,1.5012986097338399,1.3503811833295705,1.6598932812792215,1.2241311357815028,1354
atlanta,28598,2023-07-22,0.8037340582907199,0.038939791917800906,1.5096494961117652,1.3580800646783606,1.6684227216075267,1.2301372006998248,1337
atlanta,28598,2023-07-22,0.807823867201805,0.038939791917800906,1.51882611128358,1.3651710225600515,1.677791968561574,1.2367154745003586,1328
atlanta,28598,2023-07-22,0.81,0.038939791917800906,1.5237209191840113,1.3689559317425604,1.6827886450001135,1.240215686291195,1322
atlanta,28598,2023-07-22,0.8119136761128901,0.038939791917800906,1.5280319297774985,1.3722883453511825,1.687744947610745,1.2432937483008923,1318
atlanta,28598,2023-07-22,0.8160034850239752,0.038939791917800906,1.5372645923056678,1.3794220222113047,1.6985870289502492,1.2498720221014261,1311
atlanta,28598,2023-07-22,0.82,0.038939791917800906,1.546310316278262,1.3864073912584827,1.7080265216416992,1.2563002368008873,1295
atlanta,28598,2023-07-22,0.8200932939350604,0.038939791917800906,1.5465217395802424,1.3865706158022062,1.7082402587953829,1.25645029590196,1295
atlanta,28598,2023-07-22,0.8241831028461455,0.038939791917800906,1.555801012313371,1.3948262559081497,1.7175969883237292,1.2630285697024939,1278
atlanta,28598,2023-07-22,0.8282729117572306,0.038939791917800906,1.5651000512171978,1.4042909896517177,1.7269598968623334,1.2696068435030277,1248
atlanta,28598,2023-07-22,0.83,0.038939791917800906,1.5690323127092145,1.408320366154217,1.7309189826555191,1.2723847873105796,1237
atlanta,28598,2023-07-22,0.8323627206683157,0.038939791917800906,1.574416497003884,1.4130717477486712,1.7363397344255,1.2761851173035614,1220
atlanta,28598,2023-07-22,0.8364525295794009,0.038939791917800906,1.583747990385562,1.4224559930254317,1.7457336230121785,1.2827633911040952,1177
atlanta,28598,2023-07-22,0.84,0.038939791917800906,1.5918524201694677,1.4291047583521892,1.7546655850159192,1.2884693378202718,1133
atlanta,28598,2023-07-22,0.840542338490486,0.038939791917800906,1.593092172074399,1.4302782056472578,1.7561066120959965,1.289341664904629,1130
atlanta,28598,2023-07-22,0.8446321474015711,0.038939791917800906,1.6024466827825306,1.4391325821243226,1.7666854365735587,1.2959199387051628,1057
atlanta,28598,2023-07-22,0.8487219563126562,0.038939791917800906,1.611809163222115,1.4478037258695184,1.7766157074949143,1.3024982125056968,985
atlanta,28598,2023-07-22,0.85,0.038939791917800906,1.6147361503516393,1.4503312261746084,1.7796072989956397,1.304553888329964,963
atlanta,28598,2023-07-22,0.8528117652237414,0.038939791917800906,1.6211772541052942,1.4559021774537855,1.7861903989726784,1.3090764863062305,908
atlanta,28598,2023-07-22,0.8569015741348266,0.038939791917800906,1.630548596144224,1.4640088958213708,1.7957636632827705,1.3156547601067645,825
