city,orbit,date,n_cells,n_blocks,resampling_groups,design_rank,bootstrap_requested,bootstrap_estimable,bootstrap_failed,original_linear_gradient_reproduced,source_sha256,minimum_spanning_blocks_on_grid,plot_reference_canopy,plot_upper_canopy,status
atlanta,27835,2023-06-03,485177,7327,164,9,1000,1000,0,True,2600d51837fa9a3e046a1a9e787838a0ccc50bb323b381e546d9aedce4b526f4,1831,0.038939791917800906,0.8569015741348266,estimated; LST curve release authorized
atlanta,27896,2023-06-07,510119,7557,164,9,1000,1000,0,True,9611ce9360762851904fe1a8b5585013c814939d36d7cd3264ba9658d08ec664,1960,0.038939791917800906,0.8569015741348266,estimated; LST curve release authorized
atlanta,27916,2023-06-08,481257,7245,164,9,1000,1000,0,True,1e96787a993abdc929b1c7eb2b4bc39d0e502532eb653f4eac4e8da6e757c80c,1834,0.038939791917800906,0.8569015741348266,estimated; LST curve release authorized
atlanta,28145,2023-06-23,253835,5016,146,9,1000,1000,0,True,7f5bdaf4645997c3a9e2dcb959b83a9db64a3ab5365b46cd25f09be20011cf06,1013,0.038939791917800906,0.8569015741348266,estimated; LST curve release authorized
atlanta,28598,2023-07-22,237294,4903,158,9,1000,1000,0,True,1800ff20c9087dd62e46460f1cceda3ae00033739f1b06bd736a0e5779a034d2,825,0.038939791917800906,0.8569015741348266,estimated; LST curve release authorized
phoenix,27963,2023-06-11,516781,3232,79,9,1000,1000,0,True,f0316cbd2288a293a3d8167476347ff4e6bc771ae7350921a728a16f6b182ea9,1418,0.0031363328569568695,0.10791953429579733,estimated; LST curve release authorized
phoenix,28024,2023-06-15,519066,3100,78,9,1000,1000,0,True,47b712521ba258e29b751d5f82fe0f5c9b5f600c2c43af930dfdc91ffe406798,1393,0.0031363328569568695,0.10791953429579733,estimated; LST curve release authorized
phoenix,28085,2023-06-19,534786,3194,79,9,1000,1000,0,True,c99e449075d720f2c06ff4755ba55bd7204a3556ea5a5adef4bfc74795b17bc5,1430,0.0031363328569568695,0.10791953429579733,estimated; LST curve release authorized
phoenix,28192,2023-06-26,550489,3245,79,9,1000,1000,0,True,4cdeb2ceaca6d37d6b1b63ffceefb6134fc7ec07dc576db641af778fd9e6ea58,1480,0.0031363328569568695,0.10791953429579733,estimated; LST curve release authorized
phoenix,28706,2023-07-29,556672,3246,79,9,1000,1000,0,True,cfd98b1f2e726b22fa7500c41f04690c39e7a7ec764b24742e0215034d91f6a2,1492,0.0031363328569568695,0.10791953429579733,estimated; LST curve release authorized
phoenix,28828,2023-08-06,556673,3246,79,9,1000,1000,0,True,b550e55bbb5aeb6ea04fe33d3fad11e3ba4d5bcaae24fe825e1dfa625a2179f4,1492,0.0031363328569568695,0.10791953429579733,estimated; LST curve release authorized
phoenix,28909,2023-08-11,409964,2764,75,9,1000,1000,0,True,f41faa1bec1bcffd7372cf8b96c5e7483d414670ac48c33cdc0bedafaf9c9548,1115,0.0031363328569568695,0.10791953429579733,estimated; LST curve release authorized
phoenix,28970,2023-08-15,446517,2999,79,9,1000,1000,0,True,116793cc2d9c41feb8acdc7b3e23c1452f5bd434d96bfb7858dca1e3e075da26,1214,0.0031363328569568695,0.10791953429579733,estimated; LST curve release authorized
phoenix,29092,2023-08-23,553858,3244,79,9,1000,1000,0,True,d3a46602378ab9b36f589264bfed1c6617f1bccfc961c89fd7a702d6f941405a,1490,0.0031363328569568695,0.10791953429579733,estimated; LST curve release authorized
phoenix,29545,2023-09-21,341920,2282,70,9,1000,1000,0,True,033782207ae1fe2eff6b759f158d7d6205599edd4e37cf96ffb22a2fd9b4d541,923,0.0031363328569568695,0.10791953429579733,estimated; LST curve release authorized
phoenix,29606,2023-09-25,556675,3246,79,9,1000,1000,0,True,6e9c255eda75c6ddcbadda2e290389ed205d9419b51ac160d787036b12167d44,1492,0.0031363328569568695,0.10791953429579733,estimated; LST curve release authorized
