city,orbit,bin,canopy_lower,canopy_upper,n_cells,n_blocks,mean_canopy,adjusted_cooling_C,observed_LST_minus_pass_mean_C
phoenix,29606,0,0.0031363328569568695,0.008375492928898894,57172,2794,0.005854773800820112,-0.012575110479980861,1.0253699499516709
phoenix,29606,1,0.008375492928898894,0.013614653000840915,63255,2981,0.010977884754538536,0.005975908086036152,0.884773695370253
phoenix,29606,2,0.013614653000840915,0.01885381307278294,55494,3042,0.016158703714609146,0.0519407161195295,0.7135901457849237
phoenix,29606,3,0.01885381307278294,0.02409297314472496,45013,3054,0.021350538358092308,0.10169059514715197,0.5243301990257693
phoenix,29606,4,0.02409297314472496,0.029332133216666983,36141,3048,0.026622537523508072,0.16850468119340195,0.3000851982893313
phoenix,29606,5,0.029332133216666983,0.034571293288609015,30105,3031,0.031876448541879654,0.23632550204497313,0.10252250746872543
phoenix,29606,6,0.034571293288609015,0.039810453360551036,25706,2981,0.03712574020028114,0.282347965914879,-0.08441815974088705
phoenix,29606,7,0.039810453360551036,0.04504961343249306,22525,2951,0.042383234947919846,0.341625576400682,-0.24228585039654818
phoenix,29606,8,0.04504961343249306,0.05028877350443508,20031,2855,0.04760926589369774,0.39554758389610045,-0.4203918240114192
phoenix,29606,9,0.05028877350443508,0.0555279335763771,18229,2796,0.05285507068037987,0.439425823861118,-0.5742493953708695
phoenix,29606,10,0.0555279335763771,0.06076709364831913,16500,2741,0.05811260640621185,0.5010881783421587,-0.748724267153504
phoenix,29606,11,0.06076709364831913,0.06600625372026116,14809,2678,0.06332752108573914,0.5669124281872374,-0.8937991782237739
phoenix,29606,12,0.06600625372026116,0.07124541379220317,13490,2581,0.0686015710234642,0.6078223047047392,-1.014041303665495
phoenix,29606,13,0.07124541379220317,0.0764845738641452,12596,2510,0.07384403049945831,0.6768914987811795,-1.1372442047125018
phoenix,29606,14,0.0764845738641452,0.08172373393608721,11611,2412,0.07904352247714996,0.7237337505699523,-1.229228187026554
phoenix,29606,15,0.08172373393608721,0.08696289400802924,10638,2327,0.08432429283857346,0.798138897022808,-1.2977906136754467
phoenix,29606,16,0.08696289400802924,0.09220205407997127,9871,2257,0.08956899493932724,0.8606921000186045,-1.3607177338748158
phoenix,29606,17,0.09220205407997127,0.09744121415191329,9256,2152,0.09477635473012924,0.9521815100812955,-1.4151633663837804
phoenix,29606,18,0.09744121415191329,0.10268037422385531,8699,2060,0.10003437101840973,1.0240338144345507,-1.5138125549013168
phoenix,29606,19,0.10268037422385531,0.10791953429579733,8559,1973,0.10525394231081009,1.160893970452423,-1.6911880520467173
