city,pass_id,variant,n_cells,n_blocks,contributing_blocks,within_block_Sxx,within_block_variance,residualized_canopy_Sxx,maximum_block_information_share,top_five_block_information_share,effective_information_blocks,maximum_raw_block_information_share,design_rank,residual_degrees_of_freedom,removed_context_terms,bootstrap_requested,bootstrap_estimable,bootstrap_failed,resampling_groups,seed,maximum_slope_design_leverage,LST_K_SE_per_10pp,LST_K_bootstrap_width_95_per_10pp,LST_K_cluster_sandwich_SE_per_10pp,M_W_m2_SE_per_10pp,M_W_m2_bootstrap_width_95_per_10pp,M_W_m2_cluster_sandwich_SE_per_10pp,acquisition_utc,local_mean_solar_hour,view_zenith_p95_deg,collection,frozen_25_degree_precision_exception,orbit,run_id,sample,solar_hour,date,vpd_kpa_inherited_metadata,month,clear_domain_fraction_inherited,gradient_K_per_10pp,cooling_K_per_10pp,SE_1km_K_per_10pp,cooling_q025_1km,cooling_q975_1km,SE_2km_K_per_10pp,cooling_q025_2km,cooling_q975_2km,SE_4km_K_per_10pp,cooling_q025_4km,cooling_q975_4km,SE_8km_K_per_10pp,cooling_q025_8km,cooling_q975_8km,local_solar_hour_inherited_metadata,apparent_local_solar_hour,analysis_status
atlanta,atlanta:27835,paired_primary,485177,7327,7266,27657.221589281144,0.057004395487175,11462.344493400396,0.0011450677718626,0.0052645483002868,4565.54593862316,0.0007853309517437,7,477843,[],1000,1000,0,7327,20260919,0.0012668855429862,0.006141813220214,0.0245119902818544,0.0062672793813831,0.0390364623304757,0.1501297632059164,0.0397030233359114,2023-06-03T17:17:40.910000+00:00,,9.8433685303,2,True,27835,pooled_pilot_20260919_atlanta,Original pilot,11.709061681628958,2023-06-03,2.7206209167679,6,0.938830173398174,-0.3379081934826518,0.3379081934826518,0.006141813220214,0.325874641814292,0.3503866320961465,0.0073841175968782,0.3247566499183055,0.3532225066354382,0.0097204678170379,0.3189624025477224,0.3561075114960303,0.0134688506489503,0.3125679808050734,0.3642200050769309,11.7090616816,,exploratory; 2023 candidate frame; not full archive
atlanta,atlanta:27896,paired_primary,510119,7557,7501,29378.58761517817,0.0575916357069197,12208.404707411017,0.0010795010528227,0.0048845626619004,4800.166724858053,0.0007393164177189,7,502555,[],1000,1000,0,7557,20260919,0.00117803123629,0.0042693772217049,0.0167884460473736,0.0043722523745959,0.0262751459669784,0.1038117563932619,0.0275447649667293,2023-06-07T15:39:07.020000+00:00,,19.7119617462,2,True,27896,pooled_pilot_20260919_atlanta,Original pilot,10.055194398989116,2023-06-07,1.83387199058088,6,0.988275467058725,-0.2282295514587814,0.2282295514587814,0.0042693772217049,0.2198299773692658,0.2366184234166394,0.0048981779710087,0.2181283072916933,0.2373884098164824,0.0067437491814674,0.214909086020556,0.2414084006230694,0.0086792459125231,0.2103272322736981,0.2452854986238697,10.055194399,,exploratory; 2023 candidate frame; not full archive
atlanta,atlanta:27916,paired_primary,481257,7245,7178,27277.93115698011,0.0566805909461682,11473.523498671251,0.0011477883364683,0.0051879284448433,4521.740020072154,0.0007962507137473,7,474005,[],1000,1000,0,7245,20260919,0.0012348943809312,0.002297587962928,0.0088924294523477,0.0023539517855744,0.0124995904940355,0.048358450465501,0.0126573264950648,2023-06-08T22:58:37.519000+00:00,,10.7264442444,2,True,27916,pooled_pilot_20260919_atlanta,Original pilot,17.37612540258647,2023-06-08,2.08966401256053,6,0.935186367466957,-0.0973995510329285,0.0973995510329285,0.002297587962928,0.093155252250473,0.1020476817028207,0.0027311715876598,0.0917790517302829,0.1026176025252659,0.0035453126892822,0.0909143882210814,0.1046908668734558,0.0048450225513265,0.0880153800762516,0.1069042292900878,17.3761254026,,exploratory; 2023 candidate frame; not full archive
atlanta,atlanta:28145,paired_primary,253835,5016,4894,13999.489523025904,0.0551519275238871,5819.422863934236,0.002187670509477,0.0080116384673224,2667.613237991486,0.0012750508193605,7,248812,[],1000,1000,0,5016,20260919,0.0028720337607695,0.0089291170188848,0.0350125518602838,0.0087207391542968,0.0558729149846956,0.2127203172270968,0.0555565490396101,2023-06-23T17:12:53.787000+00:00,,20.5109672546,2,True,28145,pooled_pilot_20260919_atlanta,Original pilot,11.562058751436584,2023-06-23,,6,,-0.2218047245761159,0.2218047245761159,0.0089291170188848,0.2043189355793153,0.2393314874395992,0.0092036741561144,0.2048926400767959,0.240378268904111,0.0105466552923748,0.2021898079589049,0.2435336061283197,0.011202615757565,0.1994864357641573,0.2433136099493074,11.5620587514,,exploratory; 2023 candidate frame; not full archive
atlanta,atlanta:28598,paired_primary,237294,4903,4742,13009.909685653152,0.0548261215439629,5609.4487266292335,0.0022902937278518,0.0093874827828617,2457.5608927344883,0.0016644806132595,7,232384,[],1000,1000,0,4903,20260919,0.0024772781015357,0.0058561478743314,0.0224703445744056,0.0058353034296094,0.0405561031791198,0.1532451270943409,0.040844505719074,2023-07-22T21:46:19.714000+00:00,,13.4847726822,2,True,28598,pooled_pilot_20260919_atlanta,Original pilot,16.04226829919076,2023-07-22,1.65085512030376,7,0.470849917368638,-0.1608455050969203,0.1608455050969203,0.0058561478743314,0.1496582046779883,0.172128549252394,0.006377147867558,0.1474456720106452,0.1725299032982489,0.0069791390603364,0.1476920842207398,0.1738308862356005,0.008799723991301,0.144622524453794,0.1784749413603411,16.0422682992,,exploratory; 2023 candidate frame; not full archive
phoenix,phoenix:27963,paired_primary,516781,3232,3220,372.5655681254536,0.0007209351120212,327.79953487137414,0.00149210194377,0.006541126695095,2193.148192501915,0.0014163515682551,7,513542,[],1000,1000,0,3232,20260919,0.0774984041759146,0.0173230526333006,0.0677094591059911,0.0174541084629088,0.1102932341224105,0.4350642223285179,0.111301059547703,2023-06-11T23:39:53.676000+00:00,16.20064308888889,10.77701473236084,2,True,27963,pooled_pilot_20260919_phoenix,Original pilot,16.212344973536723,2023-06-11,3.90005481357693,6,0.92818991702852,-0.8927882384055235,0.8927882384055235,0.0173230526333006,0.858841473166384,0.9265509322723752,0.0219610851152313,0.8503638188642438,0.9350529812832298,0.0265918532876245,0.8399217401078806,0.9412449987458564,0.0331833064358732,0.8286772127297739,0.957974210277324,,,exploratory; 2023 candidate frame; not full archive
phoenix,phoenix:28024,paired_primary,519066,3100,3084,391.73002206165864,0.0007546824913626,338.5182516157169,0.0015279560919974,0.0067314449096139,2099.0649469448763,0.0016294465374087,7,515959,[],1000,1000,0,3100,20260919,0.0875683399453182,0.0329574917803976,0.1313084735572625,0.0317162931457246,0.2456222204757069,0.9695802985446402,0.2406837553274612,2023-06-15T22:00:38.485000+00:00,14.546476422222224,14.95167350769043,2,True,28024,pooled_pilot_20260919_phoenix,Original pilot,14.544543317410197,2023-06-15,5.00741852770398,6,0.920023579937347,-1.2889166920443191,1.2889166920443191,0.0329574917803976,1.225344840491419,1.3566533140486812,0.0392354535703438,1.214859313341954,1.3668916244954252,0.0482955819566204,1.1977362052617029,1.3854485499781433,0.0561417169408585,1.17995138615621,1.407015808299596,,,exploratory; 2023 candidate frame; not full archive
phoenix,phoenix:28085,paired_primary,534786,3194,3183,407.7705511427964,0.0007624929432385,352.39540381231643,0.0014697460086804,0.0064803262753889,2156.6026482234724,0.0015653487635596,7,531585,[],1000,1000,0,3194,20260921,0.0772910690379945,0.0375958104785974,0.1473481145595758,0.0388709734865333,0.2900375072465574,1.1217360690125489,0.2972258626349429,2023-06-19T20:23:24.929000+00:00,,22.339359283447266,2,True,28085,pooled_extension_20260921_phoenix,Added 21 Sep,12.909807684816125,2023-06-19,,6,,-1.394945273860558,1.394945273860558,0.0375958104785974,1.3207200044174785,1.4680681189770546,0.046320125002476,1.3035665811886514,1.4831855902767697,0.0541401559194157,1.2874297856659245,1.5069700197398417,0.0659937459220538,1.2701214947199762,1.5268285290165506,,12.909807684816125,exploratory; 2023 candidate frame; not full archive
phoenix,phoenix:28192,paired_primary,550489,3245,3232,421.1872983205276,0.0007651148312146,363.52359398642267,0.0014232819236214,0.0062767513036922,2221.1947357171057,0.0015154852261515,7,547237,[],1000,1000,0,3245,20260921,0.0772953891469637,0.032053484588979,0.1258636731142564,0.0320110787425731,0.2447738365387746,0.9590396104639468,0.2453313558093963,2023-06-26T17:55:48.103000+00:00,,22.747732162475582,2,True,28192,pooled_extension_20260921_phoenix,Added 21 Sep,10.4247456959482,2023-06-26,,6,,-1.2318634831190292,1.2318634831190292,0.032053484588979,1.1716280926045313,1.2974917657187877,0.0387807462065979,1.1609554019308868,1.3167175322182874,0.0428640434344564,1.1457337461456572,1.3156972969961822,0.0503374399357518,1.1336633390484685,1.3291898721449564,,10.4247456959482,exploratory; 2023 candidate frame; not full archive
phoenix,phoenix:28706,paired_primary,556672,3246,3235,427.21563581488874,0.0007674458852158,368.5434725557295,0.0014041860704545,0.0061908801251451,2237.477390745374,0.0014941005771708,7,553419,[],1000,1000,0,3246,20260919,0.0772907830303458,0.0320549862166792,0.1245145042419411,0.0327681657489671,0.2615322445655018,1.0136729204747592,0.2674480022588114,2023-07-29T20:53:55.753000+00:00,13.43453197777778,10.859678268432615,2,True,28706,pooled_pilot_20260919_phoenix,Original pilot,13.324896603268334,2023-07-29,6.84980052469185,7,1.0,-1.705227828868181,1.705227828868181,0.0320549862166792,1.64365791914166,1.7681724233836011,0.043534429295251,1.6220070339333854,1.7909759245839914,0.0517573118605888,1.6053907513576504,1.8089846117047792,0.0630864898103202,1.5853443044603988,1.83769144301901,,,exploratory; 2023 candidate frame; not full archive
phoenix,phoenix:28828,paired_primary,556673,3246,3235,427.21566612845646,0.0007674445610411,368.54454706004594,0.0014041829347902,0.0061908717435636,2237.48310796273,0.0014941004711552,7,553420,[],1000,1000,0,3246,20260919,0.0772907830752187,0.0292010254488381,0.115591680059458,0.0302747927272192,0.2181485112706928,0.8313457050401531,0.2218841983688539,2023-08-06T17:40:07.586000+00:00,10.20453197777778,19.06538200378418,2,True,28828,pooled_pilot_20260919_phoenix,Original pilot,10.102262194329922,2023-08-06,5.50767265394566,8,1.0,-1.4410557503682782,1.4410557503682782,0.0292010254488381,1.3829819152587712,1.498573595318229,0.03830147180304,1.3649120327769653,1.5169316119035967,0.0452831136289037,1.3536271017797583,1.5278034762694368,0.0528698582840046,1.3356973420765783,1.5465711341977286,,,exploratory; 2023 candidate frame; not full archive
phoenix,phoenix:28909,paired_primary,409964,2764,2737,319.565538082363,0.0007794965852669,278.36897458361886,0.0017240648434939,0.0079555265315949,1749.6324344958307,0.0018859261222583,7,407193,[],1000,1000,0,2764,20260919,0.0783174124640596,0.0321542495018682,0.1269198970672828,0.0330822465329295,0.2615542419487779,1.0807062889023076,0.2658028705221035,2023-08-11T23:22:47.462000+00:00,15.915643088888892,18.664325714111328,2,True,28909,pooled_pilot_20260919_phoenix,Original pilot,15.824353081831548,2023-08-11,5.62811623774635,8,0.73757296529604,-0.927620271912852,0.927620271912852,0.0321542495018682,0.8654445150049337,0.9923644120722164,0.0406064267447066,0.8479754475113199,1.0064109595146142,0.0501571211728016,0.8277451735485284,1.0240688244812728,0.0554348433807562,0.8230628426165688,1.035078728823685,,,exploratory; 2023 candidate frame; not full archive
phoenix,phoenix:28970,paired_primary,446517,2999,2970,330.0874482930065,0.0007392494536445,287.3990426747361,0.0018017822542177,0.0079753689050043,1864.7630576662505,0.0019337394722165,7,443511,[],1000,1000,0,2999,20260921,0.081008126388928,0.0541552365846967,0.2166135640832232,0.056532024374,0.4496661147099299,1.792498587723781,0.4696615781782687,2023-08-15T21:49:20.544000+00:00,,19.12088394165039,2,True,28970,pooled_extension_20260921_phoenix,Added 21 Sep,14.27822530655253,2023-08-15,6.5109962150747,8,0.803034472917049,-1.2563427376878094,1.2563427376878094,0.0541552365846967,1.1388867830146572,1.3555003470978804,0.0625883347305528,1.1390822784691337,1.3879070228620236,0.0713378632362363,1.1183251938982883,1.3936239874458367,0.0815144870581374,1.096872620724998,1.413365445866963,,14.27822530655253,exploratory; 2023 candidate frame; not full archive
phoenix,phoenix:29092,paired_primary,553858,3244,3233,424.6481811861845,0.0007667094836333,366.6015073749681,0.001411477181928,0.0062254939873658,2231.252890054083,0.0015031340208839,7,550607,[],1000,1000,0,3244,20260921,0.077290834892216,0.0285814983892796,0.1109017397227534,0.0280603339592581,0.2105755011739334,0.8079934957207611,0.2111914455552851,2023-08-23T18:39:51.131000+00:00,,24.36393165588379,2,True,29092,pooled_extension_20260921_phoenix,Added 21 Sep,11.150395724554814,2023-08-23,,8,,-1.035992758182818,1.035992758182818,0.0285814983892796,0.9797785021622064,1.09068024188496,0.0333727183262274,0.9758844039961452,1.1066106484388885,0.0404640757706571,0.9575712350555942,1.1151181826918055,0.0450322457129309,0.9429076240154214,1.1227087750854283,,11.150395724554814,exploratory; 2023 candidate frame; not full archive
phoenix,phoenix:29545,paired_primary,341920,2282,2258,238.61968029141653,0.0006978816105855,209.62130607213712,0.0024863627325032,0.0104654977053914,1389.716495736203,0.0023510977970659,7,339631,[],1000,1000,0,2282,20260921,0.1370231650162142,0.023352708521562,0.0879167686888863,0.0231107996767129,0.1635691969876569,0.6152579665968592,0.1598719247504803,2023-09-21T23:20:50.387000+00:00,,21.683624267578125,2,True,29545,pooled_extension_20260921_phoenix,Added 21 Sep,16.001088348287688,2023-09-21,,9,,-0.9002491973186588,0.9002491973186588,0.023352708521562,0.8571282287038066,0.9450449973926928,0.0284707060861553,0.8436519365550095,0.9558693018574036,0.0332169970568266,0.8346948475388888,0.9679312885376296,0.0442611983166951,0.8105966134957983,0.9815613737441428,,16.001088348287688,exploratory; 2023 candidate frame; not full archive
phoenix,phoenix:29606,paired_primary,556675,3246,3235,427.2156453163335,0.00076744176641,368.5442694175049,0.0014041845695658,0.0061908763314409,2237.482371048841,0.0014941005439414,7,553422,[],1000,1000,0,3246,20260921,0.0772907830202861,0.0216114377080062,0.0839856172808042,0.0225504862143314,0.1624473508426194,0.6263828723314555,0.1693298626265761,2023-09-25T21:45:42.930000+00:00,,24.97671127319336,2,True,29606,pooled_extension_20260921_phoenix,Added 21 Sep,14.439583795788078,2023-09-25,,9,,-1.1291956960269176,1.1291956960269176,0.0216114377080062,1.087585514091811,1.1715711313726151,0.02837924544744,1.0750518606831725,1.188699622816462,0.032179565384294,1.0621970527868227,1.19291054979045,0.0377125205173819,1.0539314746909587,1.2064005036816827,,14.439583795788078,exploratory; 2023 candidate frame; not full archive
