city,orbit,acquisition_utc,days,window_start_utc,window_end_utc,acquisition_minus_window_end_seconds,n_domain_cells,exact_acquisition_ended_total_mm,exact_window_status,product,MRMS_total_mm,MRMS_status,Stage_IV_total_mm,Stage_IV_status,status,total_mm,complete_cell_fraction,required_hours,available_hours
atlanta,27835,2023-06-03T17:17:40.910000+00:00,1,2023-06-02T17:00:00+00:00,2023-06-03T17:00:00+00:00,1060.91,6530,,NOT_IDENTIFIED_AT_SUBHOURLY_RESOLUTION,MRMS_MultiSensor_QPE_01H_Pass2,0.0,COMPLETE_LAST_CLOSED_HOUR_WINDOW,,NOT_NEEDED,COMPLETE_LAST_CLOSED_HOUR_WINDOW,0.0,1.0,24,24
atlanta,27835,2023-06-03T17:17:40.910000+00:00,3,2023-05-31T17:00:00+00:00,2023-06-03T17:00:00+00:00,1060.91,6530,,NOT_IDENTIFIED_AT_SUBHOURLY_RESOLUTION,MRMS_MultiSensor_QPE_01H_Pass2,0.00678352628819497,COMPLETE_LAST_CLOSED_HOUR_WINDOW,,NOT_NEEDED,COMPLETE_LAST_CLOSED_HOUR_WINDOW,0.00678352628819497,1.0,72,72
atlanta,27835,2023-06-03T17:17:40.910000+00:00,7,2023-05-27T17:00:00+00:00,2023-06-03T17:00:00+00:00,1060.91,6530,,NOT_IDENTIFIED_AT_SUBHOURLY_RESOLUTION,MRMS_MultiSensor_QPE_01H_Pass2,0.3169248130128716,COMPLETE_LAST_CLOSED_HOUR_WINDOW,,NOT_NEEDED,COMPLETE_LAST_CLOSED_HOUR_WINDOW,0.3169248130128716,1.0,168,168
atlanta,27896,2023-06-07T15:39:07.020000+00:00,1,2023-06-06T15:00:00+00:00,2023-06-07T15:00:00+00:00,2347.02,6530,,NOT_IDENTIFIED_AT_SUBHOURLY_RESOLUTION,MRMS_MultiSensor_QPE_01H_Pass2,2.803778297983254,COMPLETE_LAST_CLOSED_HOUR_WINDOW,,NOT_NEEDED,COMPLETE_LAST_CLOSED_HOUR_WINDOW,2.803778297983254,1.0,24,24
atlanta,27896,2023-06-07T15:39:07.020000+00:00,3,2023-06-04T15:00:00+00:00,2023-06-07T15:00:00+00:00,2347.02,6530,,NOT_IDENTIFIED_AT_SUBHOURLY_RESOLUTION,MRMS_MultiSensor_QPE_01H_Pass2,9.804666714136244,COMPLETE_LAST_CLOSED_HOUR_WINDOW,,NOT_NEEDED,COMPLETE_LAST_CLOSED_HOUR_WINDOW,9.804666714136244,1.0,72,72
atlanta,27896,2023-06-07T15:39:07.020000+00:00,7,2023-05-31T15:00:00+00:00,2023-06-07T15:00:00+00:00,2347.02,6530,,NOT_IDENTIFIED_AT_SUBHOURLY_RESOLUTION,MRMS_MultiSensor_QPE_01H_Pass2,9.893283732129365,COMPLETE_LAST_CLOSED_HOUR_WINDOW,,NOT_NEEDED,COMPLETE_LAST_CLOSED_HOUR_WINDOW,9.893283732129365,1.0,168,168
atlanta,27916,2023-06-08T22:58:37.519000+00:00,1,2023-06-07T22:00:00+00:00,2023-06-08T22:00:00+00:00,3517.519,6530,,NOT_IDENTIFIED_AT_SUBHOURLY_RESOLUTION,MRMS_MultiSensor_QPE_01H_Pass2,0.27644547829496297,COMPLETE_LAST_CLOSED_HOUR_WINDOW,,NOT_NEEDED,COMPLETE_LAST_CLOSED_HOUR_WINDOW,0.27644547829496297,1.0,24,24
atlanta,27916,2023-06-08T22:58:37.519000+00:00,3,2023-06-05T22:00:00+00:00,2023-06-08T22:00:00+00:00,3517.519,6530,,NOT_IDENTIFIED_AT_SUBHOURLY_RESOLUTION,MRMS_MultiSensor_QPE_01H_Pass2,5.4053880218808725,COMPLETE_LAST_CLOSED_HOUR_WINDOW,,NOT_NEEDED,COMPLETE_LAST_CLOSED_HOUR_WINDOW,5.4053880218808725,1.0,72,72
atlanta,27916,2023-06-08T22:58:37.519000+00:00,7,2023-06-01T22:00:00+00:00,2023-06-08T22:00:00+00:00,3517.519,6530,,NOT_IDENTIFIED_AT_SUBHOURLY_RESOLUTION,MRMS_MultiSensor_QPE_01H_Pass2,10.162991847885163,COMPLETE_LAST_CLOSED_HOUR_WINDOW,,NOT_NEEDED,COMPLETE_LAST_CLOSED_HOUR_WINDOW,10.162991847885163,1.0,168,168
atlanta,28145,2023-06-23T17:12:53.787000+00:00,1,2023-06-22T17:00:00+00:00,2023-06-23T17:00:00+00:00,773.787,6530,,NOT_IDENTIFIED_AT_SUBHOURLY_RESOLUTION,MRMS_MultiSensor_QPE_01H_Pass2,0.37472456087643424,COMPLETE_LAST_CLOSED_HOUR_WINDOW,,NOT_NEEDED,COMPLETE_LAST_CLOSED_HOUR_WINDOW,0.37472456087643424,1.0,24,24
atlanta,28145,2023-06-23T17:12:53.787000+00:00,3,2023-06-20T17:00:00+00:00,2023-06-23T17:00:00+00:00,773.787,6530,,NOT_IDENTIFIED_AT_SUBHOURLY_RESOLUTION,MRMS_MultiSensor_QPE_01H_Pass2,23.198572615623014,COMPLETE_LAST_CLOSED_HOUR_WINDOW,,NOT_NEEDED,COMPLETE_LAST_CLOSED_HOUR_WINDOW,23.198572615623014,1.0,72,72
atlanta,28145,2023-06-23T17:12:53.787000+00:00,7,2023-06-16T17:00:00+00:00,2023-06-23T17:00:00+00:00,773.787,6530,,NOT_IDENTIFIED_AT_SUBHOURLY_RESOLUTION,MRMS_MultiSensor_QPE_01H_Pass2,46.13808953855213,COMPLETE_LAST_CLOSED_HOUR_WINDOW,,NOT_NEEDED,COMPLETE_LAST_CLOSED_HOUR_WINDOW,46.13808953855213,1.0,168,168
atlanta,28598,2023-07-22T21:46:19.714000+00:00,1,2023-07-21T21:00:00+00:00,2023-07-22T21:00:00+00:00,2779.714,6530,,NOT_IDENTIFIED_AT_SUBHOURLY_RESOLUTION,MRMS_MultiSensor_QPE_01H_Pass2,24.899620484958724,COMPLETE_LAST_CLOSED_HOUR_WINDOW,,NOT_NEEDED,COMPLETE_LAST_CLOSED_HOUR_WINDOW,24.899620484958724,1.0,24,24
atlanta,28598,2023-07-22T21:46:19.714000+00:00,3,2023-07-19T21:00:00+00:00,2023-07-22T21:00:00+00:00,2779.714,6530,,NOT_IDENTIFIED_AT_SUBHOURLY_RESOLUTION,MRMS_MultiSensor_QPE_01H_Pass2,36.60256761620431,COMPLETE_LAST_CLOSED_HOUR_WINDOW,,NOT_NEEDED,COMPLETE_LAST_CLOSED_HOUR_WINDOW,36.60256761620431,1.0,72,72
atlanta,28598,2023-07-22T21:46:19.714000+00:00,7,2023-07-15T21:00:00+00:00,2023-07-22T21:00:00+00:00,2779.714,6530,,NOT_IDENTIFIED_AT_SUBHOURLY_RESOLUTION,MRMS_MultiSensor_QPE_01H_Pass2,36.81035122857604,COMPLETE_LAST_CLOSED_HOUR_WINDOW,,NOT_NEEDED,COMPLETE_LAST_CLOSED_HOUR_WINDOW,36.81035122857604,1.0,168,168
phoenix,27963,2023-06-11T23:39:53.676000+00:00,1,2023-06-10T23:00:00+00:00,2023-06-11T23:00:00+00:00,2393.676,2817,,NOT_IDENTIFIED_AT_SUBHOURLY_RESOLUTION,MRMS_MultiSensor_QPE_01H_Pass2,0.0,COMPLETE_LAST_CLOSED_HOUR_WINDOW,,NOT_NEEDED,COMPLETE_LAST_CLOSED_HOUR_WINDOW,0.0,1.0,24,24
phoenix,27963,2023-06-11T23:39:53.676000+00:00,3,2023-06-08T23:00:00+00:00,2023-06-11T23:00:00+00:00,2393.676,2817,,NOT_IDENTIFIED_AT_SUBHOURLY_RESOLUTION,MRMS_MultiSensor_QPE_01H_Pass2,0.012421685495374302,COMPLETE_LAST_CLOSED_HOUR_WINDOW,,NOT_NEEDED,COMPLETE_LAST_CLOSED_HOUR_WINDOW,0.012421685495374302,1.0,72,72
phoenix,27963,2023-06-11T23:39:53.676000+00:00,7,2023-06-04T23:00:00+00:00,2023-06-11T23:00:00+00:00,2393.676,2817,,NOT_IDENTIFIED_AT_SUBHOURLY_RESOLUTION,MRMS_MultiSensor_QPE_01H_Pass2,0.015720034125657423,COMPLETE_LAST_CLOSED_HOUR_WINDOW,,NOT_NEEDED,COMPLETE_LAST_CLOSED_HOUR_WINDOW,0.015720034125657423,1.0,168,168
phoenix,28024,2023-06-15T22:00:38.485000+00:00,1,2023-06-14T22:00:00+00:00,2023-06-15T22:00:00+00:00,38.485,2817,,NOT_IDENTIFIED_AT_SUBHOURLY_RESOLUTION,MRMS_MultiSensor_QPE_01H_Pass2,0.009301402087555281,COMPLETE_LAST_CLOSED_HOUR_WINDOW,,NOT_NEEDED,COMPLETE_LAST_CLOSED_HOUR_WINDOW,0.009301402087555281,1.0,24,24
phoenix,28024,2023-06-15T22:00:38.485000+00:00,3,2023-06-12T22:00:00+00:00,2023-06-15T22:00:00+00:00,38.485,2817,,NOT_IDENTIFIED_AT_SUBHOURLY_RESOLUTION,MRMS_MultiSensor_QPE_01H_Pass2,0.009301402087555281,COMPLETE_LAST_CLOSED_HOUR_WINDOW,,NOT_NEEDED,COMPLETE_LAST_CLOSED_HOUR_WINDOW,0.009301402087555281,1.0,72,72
phoenix,28024,2023-06-15T22:00:38.485000+00:00,7,2023-06-08T22:00:00+00:00,2023-06-15T22:00:00+00:00,38.485,2817,,NOT_IDENTIFIED_AT_SUBHOURLY_RESOLUTION,MRMS_MultiSensor_QPE_01H_Pass2,0.021723087582929585,COMPLETE_LAST_CLOSED_HOUR_WINDOW,,NOT_NEEDED,COMPLETE_LAST_CLOSED_HOUR_WINDOW,0.021723087582929585,1.0,168,168
phoenix,28085,2023-06-19T20:23:24.929000+00:00,1,2023-06-18T20:00:00+00:00,2023-06-19T20:00:00+00:00,1404.929,2817,,NOT_IDENTIFIED_AT_SUBHOURLY_RESOLUTION,MRMS_MultiSensor_QPE_01H_Pass2,0.0,COMPLETE_LAST_CLOSED_HOUR_WINDOW,,NOT_NEEDED,COMPLETE_LAST_CLOSED_HOUR_WINDOW,0.0,1.0,24,24
phoenix,28085,2023-06-19T20:23:24.929000+00:00,3,2023-06-16T20:00:00+00:00,2023-06-19T20:00:00+00:00,1404.929,2817,,NOT_IDENTIFIED_AT_SUBHOURLY_RESOLUTION,MRMS_MultiSensor_QPE_01H_Pass2,0.13891470631138567,COMPLETE_LAST_CLOSED_HOUR_WINDOW,,NOT_NEEDED,COMPLETE_LAST_CLOSED_HOUR_WINDOW,0.13891470631138567,1.0,72,72
phoenix,28085,2023-06-19T20:23:24.929000+00:00,7,2023-06-12T20:00:00+00:00,2023-06-19T20:00:00+00:00,1404.929,2817,,NOT_IDENTIFIED_AT_SUBHOURLY_RESOLUTION,MRMS_MultiSensor_QPE_01H_Pass2,0.15267192531212556,COMPLETE_LAST_CLOSED_HOUR_WINDOW,,NOT_NEEDED,COMPLETE_LAST_CLOSED_HOUR_WINDOW,0.15267192531212556,1.0,168,168
phoenix,28192,2023-06-26T17:55:48.103000+00:00,1,2023-06-25T17:00:00+00:00,2023-06-26T17:00:00+00:00,3348.103,2817,,NOT_IDENTIFIED_AT_SUBHOURLY_RESOLUTION,MRMS_MultiSensor_QPE_01H_Pass2,0.0,COMPLETE_LAST_CLOSED_HOUR_WINDOW,,NOT_NEEDED,COMPLETE_LAST_CLOSED_HOUR_WINDOW,0.0,1.0,24,24
phoenix,28192,2023-06-26T17:55:48.103000+00:00,3,2023-06-23T17:00:00+00:00,2023-06-26T17:00:00+00:00,3348.103,2817,,NOT_IDENTIFIED_AT_SUBHOURLY_RESOLUTION,MRMS_MultiSensor_QPE_01H_Pass2,0.0,COMPLETE_LAST_CLOSED_HOUR_WINDOW,,NOT_NEEDED,COMPLETE_LAST_CLOSED_HOUR_WINDOW,0.0,1.0,72,72
phoenix,28192,2023-06-26T17:55:48.103000+00:00,7,2023-06-19T17:00:00+00:00,2023-06-26T17:00:00+00:00,3348.103,2817,,NOT_IDENTIFIED_AT_SUBHOURLY_RESOLUTION,MRMS_MultiSensor_QPE_01H_Pass2,0.0,COMPLETE_LAST_CLOSED_HOUR_WINDOW,,NOT_NEEDED,COMPLETE_LAST_CLOSED_HOUR_WINDOW,0.0,1.0,168,168
phoenix,28706,2023-07-29T20:53:55.753000+00:00,1,2023-07-28T20:00:00+00:00,2023-07-29T20:00:00+00:00,3235.753,2817,,NOT_IDENTIFIED_AT_SUBHOURLY_RESOLUTION,MRMS_MultiSensor_QPE_01H_Pass2,0.1535098701895659,COMPLETE_LAST_CLOSED_HOUR_WINDOW,,NOT_NEEDED,COMPLETE_LAST_CLOSED_HOUR_WINDOW,0.1535098701895659,1.0,24,24
phoenix,28706,2023-07-29T20:53:55.753000+00:00,3,2023-07-26T20:00:00+00:00,2023-07-29T20:00:00+00:00,3235.753,2817,,NOT_IDENTIFIED_AT_SUBHOURLY_RESOLUTION,MRMS_MultiSensor_QPE_01H_Pass2,4.25473370671245,COMPLETE_LAST_CLOSED_HOUR_WINDOW,,NOT_NEEDED,COMPLETE_LAST_CLOSED_HOUR_WINDOW,4.25473370671245,1.0,72,72
phoenix,28706,2023-07-29T20:53:55.753000+00:00,7,2023-07-22T20:00:00+00:00,2023-07-29T20:00:00+00:00,3235.753,186,,NOT_IDENTIFIED_AT_SUBHOURLY_RESOLUTION,NOAA_Stage_IV,,MISSING_HOURLY_PAYLOADS,3.5995267216919142,COMPLETE_LAST_CLOSED_HOUR_WINDOW,COMPLETE_STAGE_IV_WHOLE_WINDOW_FALLBACK,3.5995267216919142,1.0,168,168
phoenix,28828,2023-08-06T17:40:07.586000+00:00,1,2023-08-05T17:00:00+00:00,2023-08-06T17:00:00+00:00,2407.586,2817,,NOT_IDENTIFIED_AT_SUBHOURLY_RESOLUTION,MRMS_MultiSensor_QPE_01H_Pass2,0.0,COMPLETE_LAST_CLOSED_HOUR_WINDOW,,NOT_NEEDED,COMPLETE_LAST_CLOSED_HOUR_WINDOW,0.0,1.0,24,24
phoenix,28828,2023-08-06T17:40:07.586000+00:00,3,2023-08-03T17:00:00+00:00,2023-08-06T17:00:00+00:00,2407.586,2817,,NOT_IDENTIFIED_AT_SUBHOURLY_RESOLUTION,MRMS_MultiSensor_QPE_01H_Pass2,0.0,COMPLETE_LAST_CLOSED_HOUR_WINDOW,,NOT_NEEDED,COMPLETE_LAST_CLOSED_HOUR_WINDOW,0.0,1.0,72,72
phoenix,28828,2023-08-06T17:40:07.586000+00:00,7,2023-07-30T17:00:00+00:00,2023-08-06T17:00:00+00:00,2407.586,2817,,NOT_IDENTIFIED_AT_SUBHOURLY_RESOLUTION,MRMS_MultiSensor_QPE_01H_Pass2,2.378220245653683,COMPLETE_LAST_CLOSED_HOUR_WINDOW,,NOT_NEEDED,COMPLETE_LAST_CLOSED_HOUR_WINDOW,2.378220245653683,1.0,168,168
phoenix,28909,2023-08-11T23:22:47.462000+00:00,1,2023-08-10T23:00:00+00:00,2023-08-11T23:00:00+00:00,1367.462,2817,,NOT_IDENTIFIED_AT_SUBHOURLY_RESOLUTION,MRMS_MultiSensor_QPE_01H_Pass2,0.00010674426141482691,COMPLETE_LAST_CLOSED_HOUR_WINDOW,,NOT_NEEDED,COMPLETE_LAST_CLOSED_HOUR_WINDOW,0.00010674426141482691,1.0,24,24
phoenix,28909,2023-08-11T23:22:47.462000+00:00,3,2023-08-08T23:00:00+00:00,2023-08-11T23:00:00+00:00,1367.462,2817,,NOT_IDENTIFIED_AT_SUBHOURLY_RESOLUTION,MRMS_MultiSensor_QPE_01H_Pass2,0.17013520549628497,COMPLETE_LAST_CLOSED_HOUR_WINDOW,,NOT_NEEDED,COMPLETE_LAST_CLOSED_HOUR_WINDOW,0.17013520549628497,1.0,72,72
phoenix,28909,2023-08-11T23:22:47.462000+00:00,7,2023-08-04T23:00:00+00:00,2023-08-11T23:00:00+00:00,1367.462,2817,,NOT_IDENTIFIED_AT_SUBHOURLY_RESOLUTION,MRMS_MultiSensor_QPE_01H_Pass2,2.2695637480196815,COMPLETE_LAST_CLOSED_HOUR_WINDOW,,NOT_NEEDED,COMPLETE_LAST_CLOSED_HOUR_WINDOW,2.2695637480196815,1.0,168,168
phoenix,28970,2023-08-15T21:49:20.544000+00:00,1,2023-08-14T21:00:00+00:00,2023-08-15T21:00:00+00:00,2960.544,2817,,NOT_IDENTIFIED_AT_SUBHOURLY_RESOLUTION,MRMS_MultiSensor_QPE_01H_Pass2,0.34565499354646323,COMPLETE_LAST_CLOSED_HOUR_WINDOW,,NOT_NEEDED,COMPLETE_LAST_CLOSED_HOUR_WINDOW,0.34565499354646323,1.0,24,24
phoenix,28970,2023-08-15T21:49:20.544000+00:00,3,2023-08-12T21:00:00+00:00,2023-08-15T21:00:00+00:00,2960.544,2817,,NOT_IDENTIFIED_AT_SUBHOURLY_RESOLUTION,MRMS_MultiSensor_QPE_01H_Pass2,0.3672002120701491,COMPLETE_LAST_CLOSED_HOUR_WINDOW,,NOT_NEEDED,COMPLETE_LAST_CLOSED_HOUR_WINDOW,0.3672002120701491,1.0,72,72
phoenix,28970,2023-08-15T21:49:20.544000+00:00,7,2023-08-08T21:00:00+00:00,2023-08-15T21:00:00+00:00,2960.544,2817,,NOT_IDENTIFIED_AT_SUBHOURLY_RESOLUTION,MRMS_MultiSensor_QPE_01H_Pass2,0.6544693743273495,COMPLETE_LAST_CLOSED_HOUR_WINDOW,,NOT_NEEDED,COMPLETE_LAST_CLOSED_HOUR_WINDOW,0.6544693743273495,1.0,168,168
phoenix,29092,2023-08-23T18:39:51.131000+00:00,1,2023-08-22T18:00:00+00:00,2023-08-23T18:00:00+00:00,2391.131,2817,,NOT_IDENTIFIED_AT_SUBHOURLY_RESOLUTION,MRMS_MultiSensor_QPE_01H_Pass2,0.002773588314130493,COMPLETE_LAST_CLOSED_HOUR_WINDOW,,NOT_NEEDED,COMPLETE_LAST_CLOSED_HOUR_WINDOW,0.002773588314130493,1.0,24,24
phoenix,29092,2023-08-23T18:39:51.131000+00:00,3,2023-08-20T18:00:00+00:00,2023-08-23T18:00:00+00:00,2391.131,2817,,NOT_IDENTIFIED_AT_SUBHOURLY_RESOLUTION,MRMS_MultiSensor_QPE_01H_Pass2,3.3081081717591223,COMPLETE_LAST_CLOSED_HOUR_WINDOW,,NOT_NEEDED,COMPLETE_LAST_CLOSED_HOUR_WINDOW,3.3081081717591223,1.0,72,72
phoenix,29092,2023-08-23T18:39:51.131000+00:00,7,2023-08-16T18:00:00+00:00,2023-08-23T18:00:00+00:00,2391.131,2817,,NOT_IDENTIFIED_AT_SUBHOURLY_RESOLUTION,MRMS_MultiSensor_QPE_01H_Pass2,6.324358002367123,COMPLETE_LAST_CLOSED_HOUR_WINDOW,,NOT_NEEDED,COMPLETE_LAST_CLOSED_HOUR_WINDOW,6.324358002367123,1.0,168,168
phoenix,29545,2023-09-21T23:20:50.387000+00:00,1,2023-09-20T23:00:00+00:00,2023-09-21T23:00:00+00:00,1250.387,2817,,NOT_IDENTIFIED_AT_SUBHOURLY_RESOLUTION,MRMS_MultiSensor_QPE_01H_Pass2,0.0,COMPLETE_LAST_CLOSED_HOUR_WINDOW,,NOT_NEEDED,COMPLETE_LAST_CLOSED_HOUR_WINDOW,0.0,1.0,24,24
phoenix,29545,2023-09-21T23:20:50.387000+00:00,3,2023-09-18T23:00:00+00:00,2023-09-21T23:00:00+00:00,1250.387,2817,,NOT_IDENTIFIED_AT_SUBHOURLY_RESOLUTION,MRMS_MultiSensor_QPE_01H_Pass2,0.0,COMPLETE_LAST_CLOSED_HOUR_WINDOW,,NOT_NEEDED,COMPLETE_LAST_CLOSED_HOUR_WINDOW,0.0,1.0,72,72
phoenix,29545,2023-09-21T23:20:50.387000+00:00,7,2023-09-14T23:00:00+00:00,2023-09-21T23:00:00+00:00,1250.387,2817,,NOT_IDENTIFIED_AT_SUBHOURLY_RESOLUTION,MRMS_MultiSensor_QPE_01H_Pass2,0.0,COMPLETE_LAST_CLOSED_HOUR_WINDOW,,NOT_NEEDED,COMPLETE_LAST_CLOSED_HOUR_WINDOW,0.0,1.0,168,168
phoenix,29606,2023-09-25T21:45:42.930000+00:00,1,2023-09-24T21:00:00+00:00,2023-09-25T21:00:00+00:00,2742.93,2817,,NOT_IDENTIFIED_AT_SUBHOURLY_RESOLUTION,MRMS_MultiSensor_QPE_01H_Pass2,0.0,COMPLETE_LAST_CLOSED_HOUR_WINDOW,,NOT_NEEDED,COMPLETE_LAST_CLOSED_HOUR_WINDOW,0.0,1.0,24,24
phoenix,29606,2023-09-25T21:45:42.930000+00:00,3,2023-09-22T21:00:00+00:00,2023-09-25T21:00:00+00:00,2742.93,2817,,NOT_IDENTIFIED_AT_SUBHOURLY_RESOLUTION,MRMS_MultiSensor_QPE_01H_Pass2,0.004314138600365084,COMPLETE_LAST_CLOSED_HOUR_WINDOW,,NOT_NEEDED,COMPLETE_LAST_CLOSED_HOUR_WINDOW,0.004314138600365084,1.0,72,72
phoenix,29606,2023-09-25T21:45:42.930000+00:00,7,2023-09-18T21:00:00+00:00,2023-09-25T21:00:00+00:00,2742.93,2817,,NOT_IDENTIFIED_AT_SUBHOURLY_RESOLUTION,MRMS_MultiSensor_QPE_01H_Pass2,0.004314138600365084,COMPLETE_LAST_CLOSED_HOUR_WINDOW,,NOT_NEEDED,COMPLETE_LAST_CLOSED_HOUR_WINDOW,0.004314138600365084,1.0,168,168
