city,design,seed,eligible_blocks,sampled_blocks,valid_blocks,sampled_Sxx,sampled_within_block_variance,median_block_variance,max_block_information_share,block_variance_quantiles,sampled_mean_canopy,retrieved_utc,period_utc,CMR_bbox_hits,CMR_rows_received,pages,intersecting_granules_before_revision_dedup,unique_passes,morning_0930_1130_passes,afternoon_1500_1800_passes,afternoon_months,afternoon_tile_mean_cloud_pct_median,afternoon_passes_with_cloud_metadata,limitation,afternoon_cloud_screened_passes,median_sample_point_coverage,median_clear_fraction_of_observed,median_clear_fraction_of_all_points,summed_clear_area_equivalent_passes,cloud_asset_failures,canopy_screen_q025,canopy_screen_q975,variance_relative_to_phoenix,status
raleigh,seeded_300_1km_blocks_at_least_50pct_urban_area_30m_stable_Science_TCC_not_yet_ECOSTRESS_pass_mask,20260919,1456,300,300,24377.613434918145,0.0845883925414678,0.0866344460229477,0.0072658868405506,"[0.017698369554645023, 0.051502545276250915, 0.0866344460229477, 0.11753123488075239, 0.17537126798099306]",0.4538214885493512,2026-09-21T17:46:27.785725+00:00,2023-06-01/2023-09-30,524,524,1,378,71,7,8,"['06', '07', '08']",,0,"CMR tile cloud metadata is not urban-domain clear fraction; no view-angle, full-domain coverage or usable-cell certification; windows are descriptive summaries, not selection gates.",8,1.0,0.9516666666666667,0.63,4.4366666666666665,0,0.08148995123663394,0.0878343050589303,53.22646118535648,provisional nonthermal screen; 2023 only; no final eligibility ruling
atlanta,seeded_300_1km_blocks_at_least_50pct_urban_area_30m_stable_Science_TCC_not_yet_ECOSTRESS_pass_mask,20260919,6721,300,300,24537.246892281404,0.0830105242776577,0.0833194523207994,0.0062935042183777,"[0.005923702369959966, 0.05523771089944245, 0.08331945232079949, 0.11220405219415375, 0.14005927790908176]",0.432574655948645,2026-09-21T17:46:26.485049+00:00,2023-06-01/2023-09-30,1138,1138,1,1034,90,9,8,"['06', '07', '08', '09']",,0,"CMR tile cloud metadata is not urban-domain clear fraction; no view-angle, full-domain coverage or usable-cell certification; windows are descriptive summaries, not selection gates.",8,0.995,0.9616666666666667,0.3966666666666666,3.76,0,0.08025002881728445,0.08576586799864179,52.23360222000704,provisional nonthermal screen; 2023 only; no final eligibility ruling
charlotte,seeded_300_1km_blocks_at_least_50pct_urban_area_30m_stable_Science_TCC_not_yet_ECOSTRESS_pass_mask,20260919,1722,300,300,20791.411909027483,0.0718940919069398,0.0707437448651042,0.0063728367283857,"[0.0010177182249817278, 0.04314308002203501, 0.07074374486510429, 0.10418044354315982, 0.13744841644071257]",0.3868003058176905,2026-09-21T17:46:26.474106+00:00,2023-06-01/2023-09-30,581,581,1,581,75,6,7,"['06', '07', '08', '09']",,0,"CMR tile cloud metadata is not urban-domain clear fraction; no view-angle, full-domain coverage or usable-cell certification; windows are descriptive summaries, not selection gates.",7,0.96,0.8366666666666667,0.5566666666666666,3.2333333333333334,0,0.06904541326071088,0.07463135131563743,45.23869029034017,provisional nonthermal screen; 2023 only; no final eligibility ruling
boston,seeded_300_1km_blocks_at_least_50pct_urban_area_30m_stable_Science_TCC_not_yet_ECOSTRESS_pass_mask,20260919,4449,300,300,20395.704897844804,0.0635821922950984,0.0621968788274921,0.008787939803931,"[0.004313679659267823, 0.03230568225722385, 0.06219687882749213, 0.09518404548203435, 0.1550486391877181]",0.5048853424871699,2026-09-21T17:46:30.448852+00:00,2023-06-01/2023-09-30,378,378,1,378,53,5,5,"['06', '07', '08', '09']",,0,"CMR tile cloud metadata is not urban-domain clear fraction; no view-angle, full-domain coverage or usable-cell certification; windows are descriptive summaries, not selection gates.",5,0.9233333333333332,0.0066666666666666,0.0066666666666666,1.7799999999999998,0,0.06067270780943597,0.06667290865172161,40.00850457840137,provisional nonthermal screen; 2023 only; no final eligibility ruling
baltimore,seeded_300_1km_blocks_at_least_50pct_urban_area_30m_stable_Science_TCC_not_yet_ECOSTRESS_pass_mask,20260919,1753,300,300,17610.458878059897,0.0552823182121137,0.0553189037941864,0.0080882892291829,"[0.0009494719405260407, 0.018194592644008835, 0.055318903794186476, 0.09467122535753866, 0.13152214668917858]",0.3783153059911666,2026-09-21T17:46:28.160254+00:00,2023-06-01/2023-09-30,123,123,1,123,52,3,7,"['06', '07', '09']",,0,"CMR tile cloud metadata is not urban-domain clear fraction; no view-angle, full-domain coverage or usable-cell certification; windows are descriptive summaries, not selection gates.",7,1.0,0.7533333333333333,0.7533333333333333,4.983333333333333,0,0.05220024551900832,0.05846973582723284,34.78588581892133,provisional nonthermal screen; 2023 only; no final eligibility ruling
washington,seeded_300_1km_blocks_at_least_50pct_urban_area_30m_stable_Science_TCC_not_yet_ECOSTRESS_pass_mask,20260919,3420,300,300,16784.969515760225,0.0542010123862058,0.0535783853068936,0.0097365558226548,"[0.0023985592502154527, 0.024945246677328718, 0.05357838530689367, 0.08518045383246858, 0.14223480650283646]",0.4120375979970694,2026-09-21T17:46:28.746804+00:00,2023-06-01/2023-09-30,767,767,1,767,75,7,9,"['06', '07', '08', '09']",,0,"CMR tile cloud metadata is not urban-domain clear fraction; no view-angle, full-domain coverage or usable-cell certification; windows are descriptive summaries, not selection gates.",9,0.9833333333333332,0.94,0.6233333333333333,5.35,0,0.051361823248922404,0.0570921539886264,34.10548416045534,provisional nonthermal screen; 2023 only; no final eligibility ruling
philadelphia,seeded_300_1km_blocks_at_least_50pct_urban_area_30m_stable_Science_TCC_not_yet_ECOSTRESS_pass_mask,20260919,5008,300,300,16917.51348759581,0.0541577062428037,0.0544632152311095,0.0082598057068988,"[0.0, 0.019222978685389983, 0.054463215231109564, 0.0937881166227031, 0.13641583033240992]",0.3577087838641539,2026-09-21T17:46:29.312178+00:00,2023-06-01/2023-09-30,371,371,1,371,65,3,6,"['06', '07']",,0,"CMR tile cloud metadata is not urban-domain clear fraction; no view-angle, full-domain coverage or usable-cell certification; windows are descriptive summaries, not selection gates.",6,0.9316666666666666,1.0,0.38,2.993333333333333,0,0.0508524410441895,0.05725323033818323,34.07823417151922,provisional nonthermal screen; 2023 only; no final eligibility ruling
new_york,seeded_300_1km_blocks_at_least_50pct_urban_area_30m_stable_Science_TCC_not_yet_ECOSTRESS_pass_mask,20260919,8956,300,300,14269.476609442518,0.0440546477025369,0.0442255678860306,0.0120020733108162,"[7.462355928781256e-05, 0.0074698440640635355, 0.044225567886030645, 0.0818940949127005, 0.14751361272481223]",0.3668582438457138,2026-09-21T17:46:31.864301+00:00,2023-06-01/2023-09-30,1187,1187,1,793,80,6,7,"['06', '07', '08']",,0,"CMR tile cloud metadata is not urban-domain clear fraction; no view-angle, full-domain coverage or usable-cell certification; windows are descriptive summaries, not selection gates.",7,0.9966666666666668,0.7865105908584169,0.3533333333333333,2.963333333333333,0,0.040728299654593424,0.047553531124475086,27.720978322458443,provisional nonthermal screen; 2023 only; no final eligibility ruling
minneapolis_st_paul,seeded_300_1km_blocks_at_least_50pct_urban_area_30m_stable_Science_TCC_not_yet_ECOSTRESS_pass_mask,20260919,2787,300,300,11846.257286921084,0.0381866329924604,0.0368396374078491,0.0127153612197686,"[0.0011249629826186795, 0.009177995591954737, 0.036839637407849124, 0.07104895761346113, 0.13413129163447762]",0.2716999971476495,2026-09-21T17:46:27.590099+00:00,2023-06-01/2023-09-30,678,678,1,678,92,6,11,"['06', '07', '08', '09']",,0,"CMR tile cloud metadata is not urban-domain clear fraction; no view-angle, full-domain coverage or usable-cell certification; windows are descriptive summaries, not selection gates.",11,1.0,1.0,0.3266666666666666,5.1899999999999995,0,0.035425400041477366,0.04090981183875672,24.028584510294767,provisional nonthermal screen; 2023 only; no final eligibility ruling
seattle,seeded_300_1km_blocks_at_least_50pct_urban_area_30m_stable_Science_TCC_not_yet_ECOSTRESS_pass_mask,20260919,2678,300,300,11919.481503397958,0.0366725067407059,0.0378398761586925,0.0093736295286821,"[1.684915166728979e-07, 0.01003924821971678, 0.03783987615869259, 0.061337856309083165, 0.09525047211153632]",0.3177805943878089,2026-09-21T17:46:37.310334+00:00,2023-06-01/2023-09-30,406,406,1,406,96,5,14,"['06', '07', '08', '09']",,0,"CMR tile cloud metadata is not urban-domain clear fraction; no view-angle, full-domain coverage or usable-cell certification; windows are descriptive summaries, not selection gates.",14,1.0,1.0,0.9483333333333333,10.69,0,0.034336908370576354,0.03887158128371604,23.075834614625197,provisional nonthermal screen; 2023 only; no final eligibility ruling
portland,seeded_300_1km_blocks_at_least_50pct_urban_area_30m_stable_Science_TCC_not_yet_ECOSTRESS_pass_mask,20260919,1374,300,300,9444.945879846548,0.0293107386840242,0.0258475480947343,0.0115788784835382,"[0.0006163168386658181, 0.011270133614370502, 0.025847548094734323, 0.0557881089992766, 0.09576346814915834]",0.2739904382286882,2026-09-21T17:46:37.255561+00:00,2023-06-01/2023-09-30,310,310,1,310,74,5,12,"['06', '07', '08', '09']",,0,"CMR tile cloud metadata is not urban-domain clear fraction; no view-angle, full-domain coverage or usable-cell certification; windows are descriptive summaries, not selection gates.",12,1.0,1.0,0.98,8.99,0,0.027405213882820172,0.031277389154017454,18.443510368334863,provisional nonthermal screen; 2023 only; no final eligibility ruling
chicago,seeded_300_1km_blocks_at_least_50pct_urban_area_30m_stable_Science_TCC_not_yet_ECOSTRESS_pass_mask,20260919,6126,300,300,7281.947636421344,0.0224671032482856,0.012923309882655,0.0158697561000593,"[0.0004970833911796055, 0.002676574956759569, 0.012923309882655033, 0.06273301042310067, 0.10489925532343368]",0.1823250004340552,2026-09-21T17:46:36.041860+00:00,2023-06-01/2023-09-30,806,806,1,686,90,10,10,"['06', '07', '08', '09']",,0,"CMR tile cloud metadata is not urban-domain clear fraction; no view-angle, full-domain coverage or usable-cell certification; windows are descriptive summaries, not selection gates.",10,0.6016666666666667,0.9983333333333334,0.5983333333333333,5.48,0,0.019947461425963015,0.02525685588449732,14.137216266475695,provisional nonthermal screen; 2023 only; no final eligibility ruling
houston,seeded_300_1km_blocks_at_least_50pct_urban_area_30m_stable_Science_TCC_not_yet_ECOSTRESS_pass_mask,20260919,4615,300,300,4999.591626002526,0.0158776168481706,0.0059511293736737,0.0259612128476177,"[0.00018798901268512607, 0.002408523122717149, 0.005951129373673746, 0.04597964861251282, 0.11821080360092795]",0.1709453416366874,2026-09-21T17:46:33.026743+00:00,2023-06-01/2023-09-30,682,682,1,682,71,5,8,"['06', '07', '08', '09']",,0,"CMR tile cloud metadata is not urban-domain clear fraction; no view-angle, full-domain coverage or usable-cell certification; windows are descriptive summaries, not selection gates.",8,1.0,0.9983333333333334,0.6833333333333333,5.326666666666667,0,0.013455705334868956,0.018308203672516173,9.990843087257112,provisional nonthermal screen; 2023 only; no final eligibility ruling
dallas,seeded_300_1km_blocks_at_least_50pct_urban_area_30m_stable_Science_TCC_not_yet_ECOSTRESS_pass_mask,20260919,4574,300,300,4754.504699050021,0.0144713076030218,0.0076273607257979,0.0238122999699993,"[0.00020424039837034543, 0.0018436665554909214, 0.007627360725797913, 0.036711089846995316, 0.10512134828463367]",0.1443155585884228,2026-09-21T17:46:33.865812+00:00,2023-06-01/2023-09-30,557,557,1,557,69,6,9,"['06', '08', '09']",,0,"CMR tile cloud metadata is not urban-domain clear fraction; no view-angle, full-domain coverage or usable-cell certification; windows are descriptive summaries, not selection gates.",9,1.0,1.0,0.9933333333333332,6.536666666666667,0,0.012677758134019982,0.016543812825882662,9.105936042654916,provisional nonthermal screen; 2023 only; no final eligibility ruling
miami,seeded_300_1km_blocks_at_least_50pct_urban_area_30m_stable_Science_TCC_not_yet_ECOSTRESS_pass_mask,20260919,3449,300,300,3373.669507365602,0.0100838394897376,0.0044970949304122,0.0621306172356744,"[0.0008641449910096516, 0.0018544506379340174, 0.004497094930412277, 0.023317650679133287, 0.18648413598024777]",0.1522351017976959,2026-09-21T17:46:26.919247+00:00,2023-06-01/2023-09-30,186,186,1,186,53,5,6,"['06', '07', '08', '09']",,0,"CMR tile cloud metadata is not urban-domain clear fraction; no view-angle, full-domain coverage or usable-cell certification; windows are descriptive summaries, not selection gates.",6,0.7866666666666666,0.4817441860465116,0.385,2.263333333333333,0,0.008156034658244913,0.012520904434555013,6.345162439831959,provisional nonthermal screen; 2023 only; no final eligibility ruling
sacramento,seeded_300_1km_blocks_at_least_50pct_urban_area_30m_stable_Science_TCC_not_yet_ECOSTRESS_pass_mask,20260919,1217,300,300,2070.5722481875005,0.0061331753016495,0.0047620004697693,0.0141639840000393,"[2.3649789928387143e-05, 0.0011708162310922995, 0.004762000469769332, 0.013372360779218146, 0.03287588356318545]",0.1017635354400096,2026-09-21T17:46:36.642012+00:00,2023-06-01/2023-09-30,327,327,1,327,83,8,6,"['06', '07', '09']",,0,"CMR tile cloud metadata is not urban-domain clear fraction; no view-angle, full-domain coverage or usable-cell certification; windows are descriptive summaries, not selection gates.",6,0.9716666666666667,1.0,0.9683333333333333,4.35,0,0.005605523313490638,0.006670970734094879,3.859243654218867,provisional nonthermal screen; 2023 only; no final eligibility ruling
denver,seeded_300_1km_blocks_at_least_50pct_urban_area_30m_stable_Science_TCC_not_yet_ECOSTRESS_pass_mask,20260919,1678,300,300,1459.1470207215525,0.0043264751844913,0.0039256035858247,0.0107236079149516,"[0.0003390774129833116, 0.001727708086230514, 0.003925603585824776, 0.007306453389968225, 0.01370168173422747]",0.1101780746955657,2026-09-21T17:46:36.665732+00:00,2023-06-01/2023-09-30,620,620,1,620,74,4,7,"['06', '07', '08', '09']",,0,"CMR tile cloud metadata is not urban-domain clear fraction; no view-angle, full-domain coverage or usable-cell certification; windows are descriptive summaries, not selection gates.",7,1.0,0.6133333333333333,0.35,2.0999999999999996,0,0.0040695942352861805,0.004598321665232035,2.722394368279814,provisional nonthermal screen; 2023 only; no final eligibility ruling
los_angeles,seeded_300_1km_blocks_at_least_50pct_urban_area_30m_stable_Science_TCC_not_yet_ECOSTRESS_pass_mask,20260919,4290,300,300,1375.7645114943218,0.0039911243537806,0.0022414160415049,0.0199276386252116,"[1.8754401894283278e-05, 0.0008036496081443252, 0.0022414160415049093, 0.010418415693719084, 0.024391225995061987]",0.0753167278604664,2026-09-21T17:46:24.858775+00:00,2023-06-01/2023-09-30,533,533,1,395,72,7,8,"['06', '07', '08', '09']",,0,"CMR tile cloud metadata is not urban-domain clear fraction; no view-angle, full-domain coverage or usable-cell certification; windows are descriptive summaries, not selection gates.",8,1.0,1.0,0.81,5.153333333333333,0,0.0035322165376375464,0.00445513402139338,2.5113779694807743,provisional nonthermal screen; 2023 only; no final eligibility ruling
phoenix,seeded_300_1km_blocks_at_least_50pct_urban_area_30m_stable_Science_TCC_not_yet_ECOSTRESS_pass_mask,20260919,2876,300,300,546.9735000182006,0.0015892169168808,0.0015786667265636,0.010829454952506,"[8.72421488715397e-05, 0.0005968676319411493, 0.0015786667265636307, 0.0025680392211508696, 0.005067087150266629]",0.0404483288616713,2026-09-21T17:46:23.940821+00:00,2023-06-01/2023-09-30,525,525,1,525,73,10,7,"['06', '07', '08', '09']",,0,"CMR tile cloud metadata is not urban-domain clear fraction; no view-angle, full-domain coverage or usable-cell certification; windows are descriptive summaries, not selection gates.",7,0.8,1.0,0.7133333333333334,4.583333333333333,0,0.001499488916692754,0.0016786998985874825,1.0,provisional nonthermal screen; 2023 only; no final eligibility ruling
