city,pass_id,variant,n_cells,n_blocks,contributing_blocks,within_block_Sxx,within_block_variance,residualized_canopy_Sxx,maximum_block_information_share,top_five_block_information_share,effective_information_blocks,maximum_raw_block_information_share,design_rank,residual_degrees_of_freedom,removed_context_terms,bootstrap_requested,bootstrap_estimable,bootstrap_failed,resampling_groups,seed,maximum_slope_design_leverage,LST_K_SE_per_10pp,LST_K_bootstrap_width_95_per_10pp,LST_K_cluster_sandwich_SE_per_10pp,M_W_m2_SE_per_10pp,M_W_m2_bootstrap_width_95_per_10pp,M_W_m2_cluster_sandwich_SE_per_10pp,source_run_id
phoenix,phoenix:27963,common_cells_all11,196090,1694,1643,132.00690241042216,0.0006731954837596112,120.22175640532294,0.004043449845273122,0.017141702328298036,910.2800669283376,0.0038927025236616575,7,194389,[],1000,1000,0,1694,20260919,0.14923022012721976,0.02387730633976957,0.09300416545598333,0.02370413628084978,0.1465817613376315,0.5621753589028478,0.1466920475937256,pooled_pilot_20260919_phoenix
phoenix,phoenix:28024,common_cells_all11,196090,1694,1643,132.00690241042216,0.0006731954837596112,120.22175640532294,0.004043449845273122,0.017141702328298036,910.2800669283376,0.0038927025236616575,7,194389,[],1000,1000,0,1694,20260919,0.14923022012721976,0.028530391271296047,0.1144188418129366,0.029167026989539043,0.22638382425071488,0.8721031085512774,0.23041367957111714,pooled_pilot_20260919_phoenix
phoenix,phoenix:28706,common_cells_all11,196090,1694,1643,132.00690241042216,0.0006731954837596112,120.22175640532294,0.004043449845273122,0.017141702328298036,910.2800669283376,0.0038927025236616575,7,194389,[],1000,1000,0,1694,20260919,0.14923022012721976,0.034679197696811055,0.13519959575356855,0.03531561380706995,0.28795946332403555,1.1193529928327202,0.2923478085483593,pooled_pilot_20260919_phoenix
phoenix,phoenix:28828,common_cells_all11,196090,1694,1643,132.00690241042216,0.0006731954837596112,120.22175640532294,0.004043449845273122,0.017141702328298036,910.2800669283376,0.0038927025236616575,7,194389,[],1000,1000,0,1694,20260919,0.14923022012721976,0.030818755850067145,0.1220336223458458,0.03166233266408969,0.22992926779124742,0.8935908469563927,0.23469431781617842,pooled_pilot_20260919_phoenix
phoenix,phoenix:28909,common_cells_all11,196090,1694,1643,132.00690241042216,0.0006731954837596112,120.22175640532294,0.004043449845273122,0.017141702328298036,910.2800669283376,0.0038927025236616575,7,194389,[],1000,1000,0,1694,20260919,0.14923022012721976,0.04023748418353197,0.15870028372769607,0.0399916938822901,0.3298547967976835,1.2457637915275965,0.3306550343722805,pooled_pilot_20260919_phoenix
phoenix,phoenix:28085,common_cells_all11,196090,1694,1643,132.00690241042216,0.0006731954837596112,120.22175640532294,0.004043449845273122,0.017141702328298036,910.2800669283376,0.0038927025236616575,7,194389,[],1000,1000,0,1694,20260921,0.14923022012721976,0.04122229276084065,0.16444036361822878,0.04344531460592696,0.3277621706637635,1.2494026905917792,0.3413255353663147,pooled_extension_20260921_phoenix
phoenix,phoenix:28192,common_cells_all11,196090,1694,1643,132.00690241042216,0.0006731954837596112,120.22175640532294,0.004043449845273122,0.017141702328298036,910.2800669283376,0.0038927025236616575,7,194389,[],1000,1000,0,1694,20260921,0.14923022012721976,0.028536211945822558,0.11194213010291276,0.030420708558114986,0.22238219891407482,0.8415250306689472,0.22553842727104187,pooled_extension_20260921_phoenix
phoenix,phoenix:28970,common_cells_all11,196090,1694,1643,132.00690241042216,0.0006731954837596112,120.22175640532294,0.004043449845273122,0.017141702328298036,910.2800669283376,0.0038927025236616575,7,194389,[],1000,1000,0,1694,20260921,0.14923022012721976,0.07323484954567158,0.2892812742007451,0.07305273785926679,0.616799265780892,2.403908027319071,0.6167422950240604,pooled_extension_20260921_phoenix
phoenix,phoenix:29092,common_cells_all11,196090,1694,1643,132.00690241042216,0.0006731954837596112,120.22175640532294,0.004043449845273122,0.017141702328298036,910.2800669283376,0.0038927025236616575,7,194389,[],1000,1000,0,1694,20260921,0.14923022012721976,0.03880443742604304,0.1491051954009358,0.039403897598317444,0.29481553168497393,1.149069327677009,0.2995644909397862,pooled_extension_20260921_phoenix
phoenix,phoenix:29545,common_cells_all11,196090,1694,1643,132.00690241042216,0.0006731954837596112,120.22175640532294,0.004043449845273122,0.017141702328298036,910.2800669283376,0.0038927025236616575,7,194389,[],1000,1000,0,1694,20260921,0.14923022012721976,0.02120118313761196,0.08047717514321073,0.021744376768213967,0.1480421418149983,0.5503045307845715,0.15058535281841345,pooled_extension_20260921_phoenix
phoenix,phoenix:29606,common_cells_all11,196090,1694,1643,132.00690241042216,0.0006731954837596112,120.22175640532294,0.004043449845273122,0.017141702328298036,910.2800669283376,0.0038927025236616575,7,194389,[],1000,1000,0,1694,20260921,0.14923022012721976,0.0227303952557734,0.0906477584347104,0.023421902117916164,0.16933359008135562,0.6866791579072524,0.17322637940788307,pooled_extension_20260921_phoenix
phoenix,phoenix:28085,registration_fixed_support_dx0_dy0,500032,3166,3156,360.6683469317387,0.0007212905312694762,311.52524711011836,0.0015732183287661264,0.006544582015818427,2163.5257994763233,0.001482445294514744,7,496859,[],1000,1000,0,3166,20260921,0.07819484515664783,0.038928729887280966,0.15264144399292867,0.04032626879305272,0.2966545432537235,1.1873045600200243,0.30867690074146015,pooled_extension_20260921_phoenix
phoenix,phoenix:28085,registration_dx-1_dy0,533703,3185,3175,407.82756923625715,0.0007641470428988729,352.38413300602366,0.0014696808881596597,0.006621361432550506,2155.8965866587955,0.001580694886139325,7,530511,[],1000,1000,0,3185,20260921,0.07781606499402588,0.03831361449993139,0.1515041224853153,0.037226704942997464,0.2947589435433359,1.168106115144842,0.28669596439990336,pooled_extension_20260921_phoenix
phoenix,phoenix:28085,registration_fixed_support_dx-1_dy0,500032,3166,3155,365.69694001289497,0.0007313470738130659,315.89698640059515,0.0015056110275808994,0.006653782901824697,2170.8243806647843,0.0015578439212352827,7,496859,[],1000,1000,0,3166,20260921,0.07881304052230731,0.03672528453769268,0.14273735418465994,0.03815887378820099,0.2813810001559158,1.1067077821104494,0.2948966869394973,pooled_extension_20260921_phoenix
phoenix,phoenix:28085,registration_dx1_dy0,533862,3192,3179,407.8703229576431,0.000763999541000564,352.1546273175482,0.0014331914204816169,0.0065064826040731865,2160.171183501298,0.0015421261542804987,7,530663,[],1000,1000,0,3192,20260921,0.0768278315408214,0.038198705113887836,0.1495335854623019,0.03974064568001502,0.28558160541493177,1.1167809392546602,0.3002885834313859,pooled_extension_20260921_phoenix
phoenix,phoenix:28085,registration_fixed_support_dx1_dy0,500032,3166,3156,365.96127279820513,0.000731875705551255,315.9172090527704,0.0015331289019550568,0.0066642879575568885,2170.004192403577,0.0015250332046315728,7,496859,[],1000,1000,0,3166,20260921,0.0776988220933914,0.03951892541017764,0.1559316174447778,0.040746090237970566,0.29810823772808176,1.1812562402076896,0.3077910594604192,pooled_extension_20260921_phoenix
phoenix,phoenix:28085,registration_dx0_dy-1,533630,3185,3175,407.9143108480942,0.0007644141274817649,351.93324749215753,0.0013935491470719668,0.006340683644043659,2163.1484853560783,0.0015618414274443425,7,530438,[],1000,1000,0,3185,20260921,0.07736467930009855,0.03759205972149527,0.14937403620861134,0.03837066934381833,0.2816242042080079,1.1086639642145943,0.28865784052927757,pooled_extension_20260921_phoenix
phoenix,phoenix:28085,registration_fixed_support_dx0_dy-1,500032,3166,3156,365.2652296903066,0.0007304837084232741,315.3179163808526,0.001362677682852547,0.006249835367656218,2176.473221470808,0.001434475806866576,7,496859,[],1000,1000,0,3166,20260921,0.07948049717423813,0.03763310162524786,0.14720074984916232,0.039333346024173065,0.2832550688999549,1.1151123694805136,0.2963724136010732,pooled_extension_20260921_phoenix
phoenix,phoenix:28085,registration_dx0_dy1,533794,3187,3179,407.9906999816371,0.000764322379010699,352.98597237609914,0.0015407900039041582,0.00658502973592659,2156.8314163842683,0.0015588981268093135,7,530600,[],1000,1000,0,3187,20260921,0.07914246704319172,0.040409770715618645,0.15973293157685098,0.03893651302179924,0.3108606875958639,1.2096446537554097,0.30352269174132446,pooled_extension_20260921_phoenix
phoenix,phoenix:28085,registration_fixed_support_dx0_dy1,500032,3166,3156,365.0639497400207,0.0007300811742848871,315.59834510399446,0.0016057757765838908,0.006492987707939072,2173.3924276855546,0.0015405876878729545,7,496859,[],1000,1000,0,3166,20260921,0.07954702509341177,0.03880261948393743,0.15089246884085727,0.03994689200647536,0.30117890470830694,1.1811591160499155,0.3118807612331188,pooled_extension_20260921_phoenix
phoenix,phoenix:28192,registration_fixed_support_dx0_dy0,514983,3216,3205,372.97619580012974,0.0007242495301789181,321.72368734122784,0.0015219788129597776,0.006338397850054894,2225.906428671049,0.0014335260528955754,7,511760,[],1000,1000,0,3216,20260921,0.078199222348943,0.03235283624853722,0.12569325266746723,0.03265551276656597,0.250342223064388,0.9767594370096351,0.2500235754986854,pooled_extension_20260921_phoenix
phoenix,phoenix:28192,registration_dx-1_dy0,549398,3237,3226,421.0229637993335,0.0007663350864024506,363.268883011526,0.0014245094170116338,0.006419828926265371,2220.668269241482,0.0015311539002552707,7,546154,[],1000,1000,0,3237,20260921,0.07782042742304648,0.03006395881096402,0.11926487348888437,0.030992996892745563,0.23710834879144088,0.897045371571144,0.23889793566463424,pooled_extension_20260921_phoenix
phoenix,phoenix:28192,registration_fixed_support_dx-1_dy0,514983,3216,3204,377.87576289727986,0.0007337635667532324,325.89628112816536,0.0014583344952759049,0.006449366254091623,2233.8589971699976,0.0015076350773211584,7,511760,[],1000,1000,0,3216,20260921,0.07881747468896826,0.031146585864370992,0.12126860204631695,0.03135852774739419,0.2404218607878109,0.9503120942329879,0.24178916508747245,pooled_extension_20260921_phoenix
phoenix,phoenix:28192,registration_dx1_dy0,549513,3243,3228,421.4600109236266,0.0007669700460655646,363.51536521336163,0.0013889312228166659,0.0063023620655756766,2224.8992178898093,0.001492401357864044,7,546263,[],1000,1000,0,3243,20260921,0.07682796767991393,0.03359795336029977,0.1356730657814862,0.03213451520887989,0.2506014201007014,1.0024777016200073,0.2450701421471375,pooled_extension_20260921_phoenix
phoenix,phoenix:28192,registration_fixed_support_dx1_dy0,514983,3216,3205,378.59750236492835,0.0007351650488752606,326.4826739115689,0.0014839036174352789,0.006446450400099731,2232.132441551626,0.001474133054603575,7,511760,[],1000,1000,0,3216,20260921,0.07769893230223564,0.03256458731115049,0.1283009570415452,0.03248846994393184,0.2497629469238364,0.9778486715674308,0.247338966619561,pooled_extension_20260921_phoenix
phoenix,phoenix:28192,registration_dx0_dy-1,549335,3234,3222,421.53561353682005,0.0007673561916441153,363.2041333824352,0.0013468989003956942,0.006142884381135371,2227.133826593672,0.0015113728213483767,7,546094,[],1000,1000,0,3234,20260921,0.0773682724605632,0.031180942388641063,0.12029974489351392,0.031341100152564104,0.23715917246297474,0.9116632212826161,0.2369039926644633,pooled_extension_20260921_phoenix
phoenix,phoenix:28192,registration_fixed_support_dx0_dy-1,514983,3216,3205,377.79563382576794,0.0007336079711869478,325.7026999589663,0.0013183013636774111,0.006049457954109512,2237.4026508090637,0.0013868983338276217,7,511760,[],1000,1000,0,3216,20260921,0.07948421525331965,0.031818558820341285,0.12258290092296198,0.03166593742034537,0.24106846103379903,0.9466765104093291,0.23995485337641032,pooled_extension_20260921_phoenix
phoenix,phoenix:28192,registration_dx0_dy1,549456,3238,3228,421.2048751660841,0.0007665852682764118,364.0468100413815,0.0014923346033866383,0.006381738534289212,2222.5680570209543,0.0015099918720223953,7,546211,[],1000,1000,0,3238,20260921,0.07914244094514271,0.03190800204521823,0.12540853901479976,0.03202802765508627,0.24534692466091693,0.9603012127511992,0.25003206942719464,pooled_extension_20260921_phoenix
phoenix,phoenix:28192,registration_fixed_support_dx0_dy1,514983,3216,3205,377.25882066968273,0.0007325655811350719,325.7907277144915,0.0015540880932198476,0.00628939868515691,2236.8167506307277,0.001490788274366632,7,511760,[],1000,1000,0,3216,20260921,0.07954697870757924,0.0319380829265305,0.1239662509744146,0.032393807368068454,0.25036525861630443,0.958434954903268,0.2523614219468751,pooled_extension_20260921_phoenix
phoenix,phoenix:28970,registration_fixed_support_dx0_dy0,417544,2967,2937,292.31917496059,0.0007000919063873268,254.44663354213876,0.0019253612761149913,0.007867177281132412,1863.9139915494438,0.001829066101672772,7,414570,[],1000,1000,0,2967,20260921,0.08202302940476645,0.05987960188973144,0.23390122337861707,0.05846055722969915,0.49836147081583076,1.9578741041974173,0.4863831009018078,pooled_extension_20260921_phoenix
phoenix,phoenix:28970,registration_dx-1_dy0,445477,2991,2963,330.074256565876,0.0007409456752332353,287.276063579764,0.0018039628666138758,0.008101605977660834,1864.16103937795,0.001953048262004414,7,442479,[],1000,1000,0,2991,20260921,0.08297264953846457,0.05582552359626551,0.2095240391770289,0.05631773726521225,0.46159897640244674,1.7633312792904858,0.4681895554449483,pooled_extension_20260921_phoenix
phoenix,phoenix:28970,registration_fixed_support_dx-1_dy0,417544,2967,2936,296.4842071430894,0.0007100669801100947,257.8670172680987,0.0018443545354463208,0.008123418644088594,1869.6842572845005,0.0019215146752774048,7,414570,[],1000,1000,0,2967,20260921,0.0841165895922406,0.05874583734173634,0.2310310252733765,0.05788114899550159,0.4912832850467572,1.9529617419703822,0.4811128213067485,pooled_extension_20260921_phoenix
phoenix,phoenix:28970,registration_dx1_dy0,445804,2995,2965,330.1299610573391,0.0007405271398581867,287.2722433525955,0.0017202028569685151,0.007595274339118448,1869.2172255476914,0.0019052723678072,7,442802,[],1000,1000,0,2995,20260921,0.0805914775099633,0.05505451063515597,0.21369057637941413,0.05655304220298013,0.4521437167807575,1.741915567784087,0.4660600254907372,pooled_extension_20260921_phoenix
phoenix,phoenix:28970,registration_fixed_support_dx1_dy0,417544,2967,2937,296.7931672163968,0.0007108069262554288,258.1855409099794,0.0018417473167341436,0.007401842073675294,1873.8566751956394,0.0018600421541362835,7,414570,[],1000,1000,0,2967,20260921,0.08157151020191476,0.058623241233986864,0.23181834825558734,0.057762674413905396,0.4820372536240274,1.9017944205916404,0.47687958990213464,pooled_extension_20260921_phoenix
phoenix,phoenix:28970,registration_dx0_dy-1,445413,2989,2959,329.9486137482406,0.000740770057785113,286.7315672958231,0.001724044283006449,0.00782725186818176,1870.2181115568496,0.0019308990642284824,7,442417,[],1000,1000,0,2989,20260921,0.0811010387656258,0.05827966224783679,0.2245699940068442,0.057459600038245844,0.47806067085770626,1.861073325770434,0.4698135826930301,pooled_extension_20260921_phoenix
phoenix,phoenix:28970,registration_fixed_support_dx0_dy-1,417544,2967,2937,296.0298571973849,0.0007089788314462305,257.40775480025565,0.0016674776896840454,0.00769209039311025,1875.7021597650155,0.001769970569998763,7,414570,[],1000,1000,0,2967,20260921,0.08342177998880039,0.0602706233743975,0.24362773874670163,0.05905192450620808,0.49395037636382744,1.9458508334632487,0.48346588432944293,pooled_extension_20260921_phoenix
phoenix,phoenix:28970,registration_dx0_dy1,445597,2990,2964,330.56859403512027,0.0007418555197524227,288.1524185117539,0.001887963960355037,0.008063590788084173,1865.6621042790478,0.001924005938354274,7,442600,[],1000,1000,0,2990,20260921,0.08310205983025867,0.05541231501658348,0.21997418192223872,0.05527272589925389,0.4640581254520148,1.8332531431272763,0.46116590931639534,pooled_extension_20260921_phoenix
phoenix,phoenix:28970,registration_fixed_support_dx0_dy1,417544,2967,2937,296.04999465351625,0.0007090270597913423,257.9011430724226,0.0019645493775541914,0.007735433608952982,1873.9974139454334,0.0018997231427548924,7,414570,[],1000,1000,0,2967,20260921,0.08355396356619244,0.05754580005575712,0.22416842070988396,0.05702600040862657,0.48047366139634873,1.8868989283892637,0.47599552933288136,pooled_extension_20260921_phoenix
phoenix,phoenix:29092,registration_fixed_support_dx0_dy0,518134,3215,3205,376.1241270239805,0.0007259205669266648,324.5373087162036,0.0015089537307577106,0.0062830771880839405,2235.091866524104,0.001421528307742083,7,514912,[],1000,1000,0,3215,20260921,0.0781945404399349,0.02873288090510811,0.11713268878934324,0.028653923627702745,0.2163865596882343,0.8668702925277669,0.21553531727279465,pooled_extension_20260921_phoenix
phoenix,phoenix:29092,registration_dx-1_dy0,552762,3236,3226,424.5157950848758,0.000767990193039456,366.3881340047514,0.0014124776483134336,0.0063663618035840345,2230.9499792685897,0.0015185558713769285,7,549519,[],1000,1000,0,3236,20260921,0.07781580963356889,0.025344667058607332,0.10009034982334297,0.026751083805787085,0.19384091486374436,0.7546936955281982,0.2014124213273803,pooled_extension_20260921_phoenix
phoenix,phoenix:29092,registration_fixed_support_dx-1_dy0,518134,3215,3204,381.0585317661406,0.0007354439812213455,328.78153637999947,0.001445721327176799,0.006392786739236556,2243.6606131891062,0.0014950426444278171,7,514912,[],1000,1000,0,3215,20260921,0.07881272067901937,0.027455424146494174,0.10953878577064147,0.027151696254228714,0.2062456645086975,0.8203211889416586,0.20434189791174107,pooled_extension_20260921_phoenix
phoenix,phoenix:29092,registration_dx1_dy0,552883,3242,3229,424.8668281326678,0.0007684570300274522,366.48871826059803,0.0013768489968084463,0.006251727168372767,2235.0591349036645,0.0014804344583743525,7,549634,[],1000,1000,0,3242,20260921,0.07682766396503232,0.02991490885248279,0.11663830754729543,0.029297721786004195,0.21866624538141946,0.8496591524174804,0.21810471143297927,pooled_extension_20260921_phoenix
phoenix,phoenix:29092,registration_fixed_support_dx1_dy0,518134,3215,3205,381.69409090416707,0.000736670612050487,329.17740914028934,0.0014707189134243073,0.006392316589086081,2242.1601661145146,0.0014621737824246812,7,514912,[],1000,1000,0,3215,20260921,0.07769861369111798,0.029719760246000065,0.11881606842992487,0.029764621138878185,0.22184693173618647,0.8498535932683762,0.22117959082713667,pooled_extension_20260921_phoenix
phoenix,phoenix:29092,registration_dx0_dy-1,552676,3233,3223,424.9999505424178,0.0007689857177485865,366.2843074497515,0.0013363491146566023,0.006090972017591714,2237.8544785958534,0.0014990530439282395,7,549436,[],1000,1000,0,3233,20260921,0.07736267569222142,0.02801857848369556,0.1098698845620989,0.02771053593132293,0.20595690711714262,0.8190546175212052,0.20558778498693672,pooled_extension_20260921_phoenix
phoenix,phoenix:29092,registration_fixed_support_dx0_dy-1,518134,3215,3205,380.97005760640434,0.000735273225857412,328.5142619977256,0.001307014150721077,0.005998286957726816,2248.204007162275,0.0013753420370417573,7,514912,[],1000,1000,0,3215,20260921,0.07947830053421333,0.028226977773036854,0.11312140388819758,0.028089528984062986,0.21065535722902123,0.7991382767753823,0.20936697402552562,pooled_extension_20260921_phoenix
phoenix,phoenix:29092,registration_dx0_dy1,552839,3237,3229,424.7561160329231,0.0007683179298727534,367.19491551898886,0.001479775066358318,0.006326475573367749,2231.9539811739105,0.0014973673455185672,7,549595,[],1000,1000,0,3237,20260921,0.07914228700655535,0.02722968317671042,0.10386618641651635,0.027693406489439066,0.20486216076566338,0.8021102505997089,0.2123590738026953,pooled_extension_20260921_phoenix
phoenix,phoenix:29092,registration_fixed_support_dx0_dy1,518134,3215,3205,380.4814291477778,0.000734330171630848,328.6691067192819,0.0015406672417606177,0.006234110645702112,2245.4364081451677,0.0014781615689245834,7,514912,[],1000,1000,0,3215,20260921,0.07954681638417374,0.028234900647683213,0.11556047723169927,0.028109466991658835,0.21391158855743692,0.8523600989702409,0.21457596093618433,pooled_extension_20260921_phoenix
phoenix,phoenix:29545,registration_fixed_support_dx0_dy0,321451,2264,2243,211.50035302583245,0.0006579551876517182,185.8906166199073,0.0026548823296220977,0.010579778023791286,1391.599602207093,0.0024919614551660255,7,319180,[],1000,1000,0,2264,20260921,0.13920569717977008,0.024562863953265446,0.09630338525189308,0.023719465754742274,0.1680837526708497,0.6629318429105489,0.16358702099256425,pooled_extension_20260921_phoenix
phoenix,phoenix:29545,registration_dx-1_dy0,341219,2275,2252,240.43918339396404,0.0007046476995535537,210.7012513377951,0.002472981806493887,0.010742977552230991,1391.4910947722813,0.0024080649233135074,7,338937,[],1000,1000,0,2275,20260921,0.17532129677028907,0.023009749398450473,0.08762103312472935,0.02323028856605938,0.15819289382800908,0.5881867595493402,0.15966092482449212,pooled_extension_20260921_phoenix
phoenix,phoenix:29545,registration_fixed_support_dx-1_dy0,321451,2264,2242,216.28865386560432,0.0006728510841951163,189.59361295277495,0.0025248260795582675,0.010613555352486276,1400.266732233117,0.002484900389310936,7,319180,[],1000,1000,0,2264,20260921,0.1778944873772913,0.024373355415330637,0.09581441068131735,0.023733329202028346,0.1678615400645042,0.6621960565808136,0.16250386604957667,pooled_extension_20260921_phoenix
phoenix,phoenix:29545,registration_dx1_dy0,341247,2280,2253,238.12000716855505,0.0006977937012444213,209.2851374516811,0.002375482714446442,0.010114248963563126,1396.9236064872448,0.0023438257670233896,7,338960,[],1000,1000,0,2280,20260921,0.12804027402173526,0.02159585950010155,0.08159264285781809,0.022604730563603084,0.15215245875285485,0.5875054794112362,0.1556631684876965,pooled_extension_20260921_phoenix
phoenix,phoenix:29545,registration_fixed_support_dx1_dy0,321451,2264,2243,214.56262737134563,0.0006674815986615243,188.62567949986487,0.0025368168646561504,0.010038227461395384,1399.2669358280336,0.0024034588070828027,7,319180,[],1000,1000,0,2264,20260921,0.13000147716051236,0.02360195236257997,0.09379874925733611,0.023021034003148654,0.16036863606331334,0.6112780319318016,0.15877103570043966,pooled_extension_20260921_phoenix
phoenix,phoenix:29545,registration_dx0_dy-1,341230,2276,2255,239.379339211516,0.0007015190317718723,209.8979826031387,0.0022637640675052585,0.010195836928186694,1399.4544944968975,0.0022491468829211442,7,338947,[],1000,1000,0,2276,20260921,0.11025061469604021,0.022867597109151774,0.09130865833551327,0.022895855421641863,0.1572501637548991,0.6173971812316221,0.1582795818104078,pooled_extension_20260921_phoenix
phoenix,phoenix:29545,registration_fixed_support_dx0_dy-1,321451,2264,2243,214.92141133244442,0.000668597737547696,188.80043442091338,0.00228877871679082,0.010125001580701315,1404.5781040177415,0.0022551398048421003,7,319180,[],1000,1000,0,2264,20260921,0.11377414775941404,0.02411666796498977,0.09539505122152303,0.02339071729940555,0.16504142814172798,0.6735325219268837,0.1616415146560106,pooled_extension_20260921_phoenix
phoenix,phoenix:29545,registration_dx0_dy1,341269,2281,2259,239.5908742611638,0.0007020587110495351,210.59358341973908,0.0026012770036808,0.010666431800721852,1389.908791887058,0.0025062894550715513,7,338981,[],1000,1000,0,2281,20260921,0.18720164855208796,0.022570967616198416,0.09096188345748357,0.022744793086857534,0.15434750177567486,0.581540229167075,0.15793176126167396,pooled_extension_20260921_phoenix
phoenix,phoenix:29545,registration_fixed_support_dx0_dy1,321451,2264,2243,215.14670975205672,0.0006692986170584529,189.07665784746428,0.00269805463615573,0.01036497723011861,1398.115654118547,0.002577138094949567,7,319180,[],1000,1000,0,2264,20260921,0.18693834054225264,0.023823592344194396,0.09500131608606932,0.02307338348427896,0.16524206399656882,0.6367739492259155,0.16056954342525315,pooled_extension_20260921_phoenix
phoenix,phoenix:29606,registration_fixed_support_dx0_dy0,520767,3217,3207,378.499100437086,0.0007268108394677197,326.3236624677956,0.0015008018562141904,0.006248693001657925,2241.432561976054,0.0014126086248869175,7,517543,[],1000,1000,0,3217,20260921,0.07819447296519116,0.02304434136793925,0.09103816303441015,0.022945445614537766,0.1731381963370568,0.6828280557868389,0.17280956389692603,pooled_extension_20260921_phoenix
phoenix,phoenix:29606,registration_dx-1_dy0,555568,3238,3228,427.0256241369745,0.0007686289061590561,368.3126078577408,0.0014052475410348706,0.006331360480835021,2236.69530242283,0.0015096306092198398,7,552323,[],1000,1000,0,3238,20260921,0.07781575523795657,0.022329423396588145,0.08524009776814934,0.02229848278654495,0.1672973163923334,0.6585331781327106,0.16648477741259893,pooled_extension_20260921_phoenix
phoenix,phoenix:29606,registration_fixed_support_dx-1_dy0,520767,3217,3206,383.4335666311952,0.0007362862213450453,330.5807265680737,0.001437947812054245,0.006358052411569568,2249.374238950685,0.0014857821656532116,7,517543,[],1000,1000,0,3217,20260921,0.0788126523208628,0.022486086679280655,0.08841004508215478,0.022414107408590112,0.16862660052452147,0.6620933706173728,0.16801029650484864,pooled_extension_20260921_phoenix
phoenix,phoenix:29606,registration_dx1_dy0,555699,3244,3231,427.37476987733817,0.0007690760103533354,368.3888022569073,0.0013697940109262821,0.006216976558098382,2241.398481902847,0.0014717468997253683,7,552448,[],1000,1000,0,3244,20260921,0.07682763054785002,0.02258996627209188,0.0865542306602195,0.021950354035199238,0.1689162579909915,0.6555305009470684,0.1644233309319641,pooled_extension_20260921_phoenix
phoenix,phoenix:29606,registration_fixed_support_dx1_dy0,520767,3217,3207,384.03725696533076,0.0007374454544265108,330.938317327287,0.0014629201851121933,0.006358759412694556,2248.086722114182,0.001453252470962418,7,517543,[],1000,1000,0,3217,20260921,0.07769857180292453,0.02223871326896309,0.08626997134357417,0.022180208394929467,0.16555719910277708,0.6565763501528563,0.16622312394083286,pooled_extension_20260921_phoenix
phoenix,phoenix:29606,registration_dx0_dy-1,555479,3235,3225,427.49608190743743,0.0007695989981753359,368.1672317018269,0.0013286449448771747,0.006058949674039372,2243.723368875911,0.0014903001372253716,7,552237,[],1000,1000,0,3235,20260921,0.07736260534986958,0.022533706501204287,0.08291244902249972,0.022509966274029347,0.1686318530513515,0.641357722437637,0.16880102497745256,pooled_extension_20260921_phoenix
phoenix,phoenix:29606,registration_fixed_support_dx0_dy-1,520767,3217,3207,383.32911656620354,0.0007360856516757082,330.2959898155111,0.0013002414560776322,0.005964654346695039,2253.8187394716992,0.0013668779970952602,7,517543,[],1000,1000,0,3217,20260921,0.0794782337813112,0.022825847185327222,0.09090730249721402,0.02268987220361069,0.17078182724915333,0.6806287960703097,0.17064550637535267,pooled_extension_20260921_phoenix
phoenix,phoenix:29606,registration_dx0_dy1,555644,3239,3231,427.23620315509777,0.0007689027563603635,369.0689702162649,0.001472218639623402,0.0062952960766537855,2237.8277793858624,0.0014886751947987527,7,552398,[],1000,1000,0,3239,20260921,0.0791422480803279,0.02174772975045669,0.08465896399982453,0.021831138910347866,0.1632239602350944,0.6338866310062041,0.1643339259036998,pooled_extension_20260921_phoenix
phoenix,phoenix:29606,registration_fixed_support_dx0_dy1,520767,3217,3207,382.8270386869891,0.0007351215393582717,330.43470118975074,0.0015323999196275868,0.006201106997729088,2251.289434656704,0.0014691047638241475,7,517543,[],1000,1000,0,3217,20260921,0.07954677246287283,0.022585739677734296,0.08932521431186857,0.02210889718140002,0.16938099534435047,0.6792767681988225,0.16695600989594797,pooled_extension_20260921_phoenix
