city,pass_id,variant,n_cells,n_blocks,contributing_blocks,within_block_Sxx,within_block_variance,residualized_canopy_Sxx,maximum_block_information_share,top_five_block_information_share,effective_information_blocks,maximum_raw_block_information_share,design_rank,residual_degrees_of_freedom,removed_context_terms,bootstrap_requested,bootstrap_estimable,bootstrap_failed,resampling_groups,seed,maximum_slope_design_leverage,LST_K_SE_per_10pp,LST_K_bootstrap_width_95_per_10pp,LST_K_cluster_sandwich_SE_per_10pp,M_W_m2_SE_per_10pp,M_W_m2_bootstrap_width_95_per_10pp,M_W_m2_cluster_sandwich_SE_per_10pp,acquisition_utc,local_mean_solar_hour,view_zenith_p95_deg,collection,frozen_25_degree_precision_exception,local_solar_hour_inherited_metadata
phoenix,phoenix:27963,paired_primary,516781,3232,3220,372.5655681254536,0.0007209351120212,327.79953487137414,0.00149210194377,0.006541126695095,2193.148192501915,0.0014163515682551,7,513542,[],1000,1000,0,3232,20260919,0.0774984041759146,0.0173230526333006,0.0677094591059911,0.0174541084629088,0.1102932341224105,0.4350642223285179,0.111301059547703,2023-06-11T23:39:53.676000+00:00,16.20064308888889,10.77701473236084,2,True,
phoenix,phoenix:28024,paired_primary,519066,3100,3084,391.73002206165864,0.0007546824913626,338.5182516157169,0.0015279560919974,0.0067314449096139,2099.0649469448763,0.0016294465374087,7,515959,[],1000,1000,0,3100,20260919,0.0875683399453182,0.0329574917803976,0.1313084735572625,0.0317162931457246,0.2456222204757069,0.9695802985446402,0.2406837553274612,2023-06-15T22:00:38.485000+00:00,14.546476422222224,14.95167350769043,2,True,
phoenix,phoenix:28706,paired_primary,556672,3246,3235,427.21563581488874,0.0007674458852158,368.5434725557295,0.0014041860704545,0.0061908801251451,2237.477390745374,0.0014941005771708,7,553419,[],1000,1000,0,3246,20260919,0.0772907830303458,0.0320549862166792,0.1245145042419411,0.0327681657489671,0.2615322445655018,1.0136729204747592,0.2674480022588114,2023-07-29T20:53:55.753000+00:00,13.43453197777778,10.859678268432615,2,True,
phoenix,phoenix:28828,paired_primary,556673,3246,3235,427.21566612845646,0.0007674445610411,368.54454706004594,0.0014041829347902,0.0061908717435636,2237.48310796273,0.0014941004711552,7,553420,[],1000,1000,0,3246,20260919,0.0772907830752187,0.0292010254488381,0.115591680059458,0.0302747927272192,0.2181485112706928,0.8313457050401531,0.2218841983688539,2023-08-06T17:40:07.586000+00:00,10.20453197777778,19.06538200378418,2,True,
phoenix,phoenix:28909,paired_primary,409964,2764,2737,319.565538082363,0.0007794965852669,278.36897458361886,0.0017240648434939,0.0079555265315949,1749.6324344958307,0.0018859261222583,7,407193,[],1000,1000,0,2764,20260919,0.0783174124640596,0.0321542495018682,0.1269198970672828,0.0330822465329295,0.2615542419487779,1.0807062889023076,0.2658028705221035,2023-08-11T23:22:47.462000+00:00,15.915643088888892,18.664325714111328,2,True,
atlanta,atlanta:27835,paired_primary,485177,7327,7266,27657.221589281144,0.057004395487175,11462.344493400396,0.0011450677718626,0.0052645483002868,4565.54593862316,0.0007853309517437,7,477843,[],1000,1000,0,7327,20260919,0.0012668855429862,0.006141813220214,0.0245119902818544,0.0062672793813831,0.0390364623304757,0.1501297632059164,0.0397030233359114,2023-06-03T17:17:40.910000+00:00,,9.8433685303,2,True,11.7090616816
atlanta,atlanta:27896,paired_primary,510119,7557,7501,29378.58761517817,0.0575916357069197,12208.404707411017,0.0010795010528227,0.0048845626619004,4800.166724858053,0.0007393164177189,7,502555,[],1000,1000,0,7557,20260919,0.00117803123629,0.0042693772217049,0.0167884460473736,0.0043722523745959,0.0262751459669784,0.1038117563932619,0.0275447649667293,2023-06-07T15:39:07.020000+00:00,,19.7119617462,2,True,10.055194399
atlanta,atlanta:27916,paired_primary,481257,7245,7178,27277.93115698011,0.0566805909461682,11473.523498671251,0.0011477883364683,0.0051879284448433,4521.740020072154,0.0007962507137473,7,474005,[],1000,1000,0,7245,20260919,0.0012348943809312,0.002297587962928,0.0088924294523477,0.0023539517855744,0.0124995904940355,0.048358450465501,0.0126573264950648,2023-06-08T22:58:37.519000+00:00,,10.7264442444,2,True,17.3761254026
atlanta,atlanta:28145,paired_primary,253835,5016,4894,13999.489523025904,0.0551519275238871,5819.422863934236,0.002187670509477,0.0080116384673224,2667.613237991486,0.0012750508193605,7,248812,[],1000,1000,0,5016,20260919,0.0028720337607695,0.0089291170188848,0.0350125518602838,0.0087207391542968,0.0558729149846956,0.2127203172270968,0.0555565490396101,2023-06-23T17:12:53.787000+00:00,,20.5109672546,2,True,11.5620587514
atlanta,atlanta:28598,paired_primary,237294,4903,4742,13009.909685653152,0.0548261215439629,5609.4487266292335,0.0022902937278518,0.0093874827828617,2457.5608927344883,0.0016644806132595,7,232384,[],1000,1000,0,4903,20260919,0.0024772781015357,0.0058561478743314,0.0224703445744056,0.0058353034296094,0.0405561031791198,0.1532451270943409,0.040844505719074,2023-07-22T21:46:19.714000+00:00,,13.4847726822,2,True,16.0422682992
