city,pass_id,variant,n_cells,n_blocks,contributing_blocks,within_block_Sxx,within_block_variance,residualized_canopy_Sxx,maximum_block_information_share,top_five_block_information_share,effective_information_blocks,maximum_raw_block_information_share,design_rank,residual_degrees_of_freedom,removed_context_terms,bootstrap_requested,bootstrap_estimable,bootstrap_failed,resampling_groups,seed,maximum_slope_design_leverage,LST_K_SE_per_10pp,LST_K_bootstrap_width_95_per_10pp,LST_K_cluster_sandwich_SE_per_10pp,M_W_m2_SE_per_10pp,M_W_m2_bootstrap_width_95_per_10pp,M_W_m2_cluster_sandwich_SE_per_10pp,acquisition_utc,local_solar_hour_inherited_metadata,view_zenith_p95_deg,collection,frozen_25_degree_precision_exception
atlanta,atlanta:27835,paired_primary,485177,7327,7266,27657.221589281144,0.05700439548717508,11462.344493400395,0.0011450677718626056,0.005264548300286894,4565.54593862316,0.0007853309517437088,7,477843,[],1000,1000,0,7327,20260919,0.0012668855429862934,0.006141813220214069,0.024511990281854468,0.006267279381383127,0.039036462330475745,0.15012976320591642,0.03970302333591142,2023-06-03T17:17:40.910000+00:00,11.7090616816,9.8433685303,002,True
atlanta,atlanta:27835,registration_dx-1_dy0,485909,7325,7267,28082.97725823529,0.05779472546965644,11952.846532700933,0.0011319161280541371,0.005382840518003085,4611.43009110641,0.0007402016998832293,7,478577,[],1000,1000,0,7325,20260919,0.0013405479667604988,0.006119935827107721,0.024494402902331014,0.006284632667714914,0.03722225854487551,0.14903364326245594,0.03858185254948521,2023-06-03T17:17:40.910000+00:00,11.7090616816,9.8433685303,002,True
atlanta,atlanta:27835,registration_dx1_dy0,486134,7331,7279,28028.11846531381,0.057655128967144476,12027.974392875836,0.0010528810332662436,0.004858752604500392,4668.411352833814,0.0008007669328525985,7,478796,[],1000,1000,0,7331,20260919,0.0013207766721368855,0.006118857841089093,0.023712362827742778,0.006028894143060219,0.03873419547389809,0.14922586455108777,0.03845756324333801,2023-06-03T17:17:40.910000+00:00,11.7090616816,9.8433685303,002,True
atlanta,atlanta:27835,registration_dx0_dy-1,485567,7325,7258,28039.735282083606,0.05774637749699548,11978.309195740076,0.001166360359094126,0.0052972343864334135,4619.727843630989,0.00079843341066795,7,478235,[],1000,1000,0,7325,20260919,0.0012731657847351709,0.005997089925652099,0.02401966321321075,0.006108969561343687,0.03681580174756774,0.1440259165096618,0.03798332867799754,2023-06-03T17:17:40.910000+00:00,11.7090616816,9.8433685303,002,True
atlanta,atlanta:27835,registration_dx0_dy1,486276,7336,7264,28074.124755828438,0.057732902211559765,12039.473991230567,0.0010695449487140446,0.004957148256982499,4680.675758666722,0.0007551187750559536,7,478933,[],1000,1000,0,7336,20260919,0.0012878989589456677,0.0061168166046837065,0.02318370561501515,0.005991621672922817,0.03940502707761844,0.15110754126954573,0.03841884346527264,2023-06-03T17:17:40.910000+00:00,11.7090616816,9.8433685303,002,True
atlanta,atlanta:27835,spatial_2km,485177,7327,7266,27657.221589281144,0.05700439548717508,11462.344493400395,0.0011450677718626056,0.005264548300286894,4565.54593862316,0.0007853309517437088,7,477843,[],1000,1000,0,2015,20260919,0.001266885542986293,0.007384117596878296,0.028465856717132643,0.007625996037583516,0.046987908820546695,0.18647354040179165,0.04903590608495884,2023-06-03T17:17:40.910000+00:00,11.7090616816,9.8433685303,002,True
atlanta,atlanta:27896,paired_primary,510119,7557,7501,29378.58761517817,0.0575916357069197,12208.404707411017,0.0010795010528227471,0.004884562661900468,4800.166724858053,0.0007393164177189833,7,502555,[],1000,1000,0,7557,20260919,0.0011780312362900376,0.0042693772217049725,0.016788446047373645,0.004372252374595989,0.026275145966978445,0.1038117563932619,0.027544764966729342,2023-06-07T15:39:07.020000+00:00,10.055194399,19.7119617462,002,True
atlanta,atlanta:27896,registration_dx-1_dy0,510831,7554,7505,29796.799193936436,0.05833005278445599,12717.42568280187,0.0010457826537683345,0.0050078011567281505,4843.62991343173,0.0006976275327102228,7,503270,[],1000,1000,0,7554,20260919,0.0012608337375694043,0.004342682773176395,0.01706064615127828,0.004339567143437337,0.02731211087776165,0.10620856959398761,0.027102557172296378,2023-06-07T15:39:07.020000+00:00,10.055194399,19.7119617462,002,True
atlanta,atlanta:27896,registration_dx1_dy0,511079,7563,7512,29729.173151411225,0.05816942811465786,12769.716373654257,0.0009956993694335426,0.004507096912070415,4905.51690778413,0.0007549483580586303,7,503509,[],1000,1000,0,7563,20260919,0.0012193093893626233,0.004175504831600421,0.016259106264167794,0.004247071632884097,0.02648328737761282,0.10471697947686742,0.026389497696697697,2023-06-07T15:39:07.020000+00:00,10.055194399,19.7119617462,002,True
atlanta,atlanta:27896,registration_dx0_dy-1,510449,7557,7503,29754.423855142984,0.05829068889378368,12747.863986343891,0.0010277010137626614,0.004853067461322894,4856.63740701706,0.0007524212730346912,7,502885,[],1000,1000,0,7557,20260919,0.0011801250878751303,0.004422562218736279,0.01705927319377526,0.00430153629153223,0.027576906461850646,0.10752335054525441,0.02677647159347854,2023-06-07T15:39:07.020000+00:00,10.055194399,19.7119617462,002,True
atlanta,atlanta:27896,registration_dx0_dy1,511290,7564,7501,29808.744022649968,0.05830105032887396,12814.180186786723,0.001008783991624104,0.00459002382728299,4911.81859268252,0.00071117718613978,7,503719,[],1000,1000,0,7564,20260919,0.0011938710150372804,0.004126245634745278,0.016000451093910767,0.004202475269349999,0.025904417809461063,0.10192078052164488,0.026203575510761124,2023-06-07T15:39:07.020000+00:00,10.055194399,19.7119617462,002,True
atlanta,atlanta:27896,spatial_2km,510119,7557,7501,29378.58761517817,0.0575916357069197,12208.404707411017,0.0010795010528227471,0.004884562661900468,4800.166724858053,0.0007393164177189833,7,502555,[],1000,1000,0,2050,20260919,0.001178031236290038,0.004898177971008705,0.019260102524789158,0.005121329825859111,0.030296098215304195,0.12009343029084896,0.03208915977489333,2023-06-07T15:39:07.020000+00:00,10.055194399,19.7119617462,002,True
atlanta,atlanta:27916,paired_primary,481257,7245,7178,27277.931156980114,0.05668059094616829,11473.523498671253,0.0011477883364683819,0.005187928444843383,4521.740020072154,0.0007962507137473618,7,474005,[],1000,1000,0,7245,20260919,0.0012348943809312046,0.0022975879629280344,0.008892429452347708,0.0023539517855744874,0.012499590494035505,0.048358450465501024,0.012657326495064836,2023-06-08T22:58:37.519000+00:00,17.3761254026,10.7264442444,002,True
atlanta,atlanta:27916,registration_dx-1_dy0,481971,7240,7181,27665.628461034652,0.05740102300975505,11956.786324507486,0.0011723124015750397,0.005351755031834555,4571.419666033914,0.000751367984775952,7,474724,[],1000,1000,0,7240,20260919,0.0013321555666456436,0.002258507610819039,0.008759637268578688,0.0022997417566510913,0.012118918658900501,0.04696365192155838,0.012340934329921031,2023-06-08T22:58:37.519000+00:00,17.3761254026,10.7264442444,002,True
atlanta,atlanta:27916,registration_dx1_dy0,482173,7243,7188,27634.52591306311,0.0573124706548544,12003.596017932248,0.0010580790742334679,0.004768041883580862,4602.765561149134,0.0008121720824054061,7,474923,[],1000,1000,0,7243,20260919,0.001272812005956988,0.002277490335107025,0.008925743020066546,0.0022564048888505106,0.011835835502620875,0.04737188652494073,0.01187664210884258,2023-06-08T22:58:37.519000+00:00,17.3761254026,10.7264442444,002,True
atlanta,atlanta:27916,registration_dx0_dy-1,481617,7245,7180,27641.704895933,0.057393540709594966,11980.23828245102,0.0010926759098296517,0.005159288592417042,4570.250140263559,0.0008099305581832782,7,474365,[],1000,1000,0,7245,20260919,0.0012342737705397216,0.0023196915357483307,0.008826670516402846,0.0023167451750433893,0.01242244476048581,0.048179413172320884,0.01238486315182115,2023-06-08T22:58:37.519000+00:00,17.3761254026,10.7264442444,002,True
atlanta,atlanta:27916,registration_dx0_dy1,482286,7247,7170,27690.42397855968,0.05741494461493736,12033.930391459446,0.0010726670671137232,0.004943095397867241,4623.090968502803,0.0007655823079055605,7,475032,[],1000,1000,0,7247,20260919,0.0012567259396721266,0.0021908299938729133,0.008467111800400107,0.0022451051973699284,0.01163832802069257,0.04528747124177307,0.011853512320990973,2023-06-08T22:58:37.519000+00:00,17.3761254026,10.7264442444,002,True
atlanta,atlanta:27916,spatial_2km,481257,7245,7178,27277.931156980114,0.05668059094616829,11473.523498671253,0.0011477883364683819,0.005187928444843383,4521.740020072154,0.0007962507137473618,7,474005,[],1000,1000,0,1991,20260919,0.0012348943809312048,0.002731171587659828,0.010838550794982943,0.0027782285759983794,0.014712352491503678,0.05781597625746687,0.015134358198792728,2023-06-08T22:58:37.519000+00:00,17.3761254026,10.7264442444,002,True
atlanta,atlanta:28145,paired_primary,253835,5016,4894,13999.489523025903,0.05515192752388718,5819.422863934236,0.0021876705094770275,0.008011638467322486,2667.613237991486,0.0012750508193605174,7,248812,[],1000,1000,0,5016,20260919,0.002872033760769536,0.008929117018884858,0.03501255186028382,0.00872073915429686,0.05587291498469568,0.21272031722709683,0.055556549039610104,2023-06-23T17:12:53.787000+00:00,11.5620587514,20.5109672546,002,True
atlanta,atlanta:28145,registration_dx-1_dy0,254484,5019,4895,14173.48783932134,0.055695005734432576,6009.967025302436,0.0020849159682317926,0.007532752196351095,2716.2992493625334,0.001221502171449909,7,249458,[],1000,1000,0,5019,20260919,0.0028752653872702897,0.008558783792436115,0.03351236279746911,0.008546952206569933,0.05469402994526436,0.21025946737066148,0.054368808658833194,2023-06-23T17:12:53.787000+00:00,11.5620587514,20.5109672546,002,True
atlanta,atlanta:28145,registration_dx1_dy0,254143,5023,4902,14161.617992313111,0.055723029917460296,6039.317699524875,0.002096353120818023,0.008104968394348844,2714.4497117774326,0.0012914086773943088,7,249113,[],1000,1000,0,5023,20260919,0.0027378192616754502,0.00838068181610386,0.033568565588606575,0.00851350530662945,0.05181366132062675,0.2052612805504439,0.05338469818905195,2023-06-23T17:12:53.787000+00:00,11.5620587514,20.5109672546,002,True
atlanta,atlanta:28145,registration_dx0_dy-1,253857,5014,4897,14115.85229703949,0.055605527115815165,6023.882821623305,0.001935745895194966,0.007848473816357273,2701.833909409911,0.0013133694174225705,7,248836,[],1000,1000,0,5014,20260919,0.0027506512361691144,0.00879108286531261,0.03353266192016369,0.00851198743563444,0.05463937502070994,0.21871081688467076,0.05319311426285281,2023-06-23T17:12:53.787000+00:00,11.5620587514,20.5109672546,002,True
atlanta,atlanta:28145,registration_dx0_dy1,254363,5027,4896,14194.899951706368,0.05580567909525508,6066.476414510025,0.0022321444262397364,0.00767738994127018,2749.9599379900856,0.0012600460125576601,7,249329,[],1000,1000,0,5027,20260919,0.002853653134976917,0.008606595968627511,0.03517885347958433,0.008567668381688438,0.05487224595686829,0.21246262244173186,0.054670455647000515,2023-06-23T17:12:53.787000+00:00,11.5620587514,20.5109672546,002,True
atlanta,atlanta:28145,spatial_2km,253835,5016,4894,13999.489523025903,0.05515192752388718,5819.422863934236,0.0021876705094770275,0.008011638467322486,2667.613237991486,0.0012750508193605174,7,248812,[],1000,1000,0,1528,20260919,0.002872033760769536,0.009203674156114484,0.03548562882731518,0.009409170939478281,0.05962990034950979,0.22474817538892777,0.06157897703492367,2023-06-23T17:12:53.787000+00:00,11.5620587514,20.5109672546,002,True
atlanta,atlanta:28598,paired_primary,237294,4903,4742,13009.909685653152,0.054826121543962984,5609.4487266292335,0.0022902937278518392,0.009387482782861728,2457.5608927344883,0.0016644806132595537,7,232384,[],1000,1000,0,4903,20260919,0.002477278101535716,0.005856147874331499,0.022470344574405693,0.005835303429609498,0.04055610317911982,0.1532451270943409,0.04084450571907404,2023-07-22T21:46:19.714000+00:00,16.0422682992,13.4847726822,002,True
atlanta,atlanta:28598,registration_dx-1_dy0,237768,4888,4731,13176.087670983197,0.05541573159963997,5841.357467592832,0.0021924697325551154,0.00924717548782518,2449.3346345827404,0.00157763579170058,7,232873,[],1000,1000,0,4888,20260919,0.0026030512347139374,0.005541914288611391,0.021552624891600147,0.0057506993571775945,0.03800014931170465,0.1424473549615054,0.039631271183181604,2023-07-22T21:46:19.714000+00:00,16.0422682992,13.4847726822,002,True
atlanta,atlanta:28598,registration_dx1_dy0,237593,4900,4733,13192.15386357369,0.05552416890890595,5865.583543730214,0.0020932748682352094,0.009030055176692035,2479.0761686865085,0.0016489483491722255,7,232686,[],1000,1000,0,4900,20260919,0.0025184435066501814,0.005660749900110596,0.022472347630480283,0.005671739238905691,0.03933187349473464,0.15502077164682826,0.03956466349978161,2023-07-22T21:46:19.714000+00:00,16.0422682992,13.4847726822,002,True
atlanta,atlanta:28598,registration_dx0_dy-1,237469,4899,4739,13200.727140682346,0.05558926487534097,5847.0293713928395,0.002289167600445846,0.010004324385595552,2452.8154518896954,0.0016959566876058646,7,232563,[],1000,1000,0,4899,20260919,0.002426596181851261,0.005514936272961943,0.021003750394375797,0.005675945185651433,0.03844077998926165,0.1518486179995726,0.039314625897899295,2023-07-22T21:46:19.714000+00:00,16.0422682992,13.4847726822,002,True
atlanta,atlanta:28598,registration_dx0_dy1,237847,4895,4745,13220.15408488964,0.05558259757276585,5894.100980432721,0.0021305697818218075,0.009194183264642226,2468.3558488037443,0.0014960709962307923,7,232945,[],1000,1000,0,4895,20260919,0.0025422829026882053,0.005419637020830243,0.02154892274127923,0.005615839779379277,0.03791062499988523,0.1474238731148182,0.03930476610400399,2023-07-22T21:46:19.714000+00:00,16.0422682992,13.4847726822,002,True
atlanta,atlanta:28598,spatial_2km,237294,4903,4742,13009.909685653152,0.054826121543962984,5609.4487266292335,0.0022902937278518392,0.009387482782861728,2457.5608927344883,0.0016644806132595537,7,232384,[],1000,1000,0,1546,20260919,0.002477278101535716,0.0063771478675580355,0.02508423128760373,0.006555885209332231,0.04476879245966255,0.1787173353053203,0.04557020206542216,2023-07-22T21:46:19.714000+00:00,16.0422682992,13.4847726822,002,True
atlanta,atlanta:27835,common_cells,108438,3080,2909,5712.245921699512,0.05267752929507656,2370.443486238234,0.0031050767966078656,0.014319168851352943,1303.176183004271,0.003124876070050638,7,105351,[],1000,1000,0,3080,20260919,0.006526795242253708,0.010936267861313341,0.04303777255439989,0.011477444315816543,0.068920373730542,0.2672618111738658,0.07274515078391876,2023-06-03T17:17:40.910000+00:00,11.7090616816,9.8433685303,002,True
atlanta,atlanta:27896,common_cells,108438,3080,2909,5712.245921699512,0.05267752929507656,2370.443486238234,0.0031050767966078656,0.014319168851352943,1303.176183004271,0.003124876070050638,7,105351,[],1000,1000,0,3080,20260919,0.006526795242253708,0.008583523075172524,0.03279909032733816,0.009139141479388777,0.05324783720175243,0.20845855517426792,0.05743333758521779,2023-06-07T15:39:07.020000+00:00,10.055194399,19.7119617462,002,True
atlanta,atlanta:27916,common_cells,108438,3080,2909,5712.245921699512,0.05267752929507656,2370.443486238234,0.0031050767966078656,0.014319168851352943,1303.176183004271,0.003124876070050638,7,105351,[],1000,1000,0,3080,20260919,0.006526795242253708,0.004304417457830647,0.016666256126706303,0.0046434639221433,0.023419463261600278,0.09363655649570313,0.024572302105943626,2023-06-08T22:58:37.519000+00:00,17.3761254026,10.7264442444,002,True
atlanta,atlanta:28145,common_cells,108438,3080,2909,5712.245921699512,0.05267752929507656,2370.443486238234,0.0031050767966078656,0.014319168851352943,1303.176183004271,0.003124876070050638,7,105351,[],1000,1000,0,3080,20260919,0.006526795242253708,0.011238373113913337,0.04568423427382265,0.012397959664751407,0.07327967600389104,0.2951224602981086,0.07931191679691212,2023-06-23T17:12:53.787000+00:00,11.5620587514,20.5109672546,002,True
atlanta,atlanta:28598,common_cells,108438,3080,2909,5712.245921699512,0.05267752929507656,2370.443486238234,0.0031050767966078656,0.014319168851352943,1303.176183004271,0.003124876070050638,7,105351,[],1000,1000,0,3080,20260919,0.006526795242253708,0.00848032627128554,0.03196162625490748,0.00850367102375593,0.05947225529312057,0.22678705130214782,0.059684251788833215,2023-07-22T21:46:19.714000+00:00,16.0422682992,13.4847726822,002,True
